step,elapsed_sec,step_ms,forward_ms,backward_ms,optimizer_step_ms,checkpoint_ms,loss
1,0.7562283743172884,742.809456,266.924067,373.211977,102.526438,-1e-06,12.092621803283691
2,1.392399474978447,632.9578,180.934637,355.358118,95.890801,-1e-06,12.059176445007324
3,2.030153701081872,634.036446,180.678312,356.290394,96.292528,-1e-06,12.063701629638672
4,2.669432682916522,633.786163,180.855075,355.711444,96.39681,-1e-06,12.085245132446289
5,3.3086834643036127,633.118232,180.922657,355.593802,95.862571,-1e-06,12.071710586547852
6,3.950784320011735,635.653872,180.969598,355.693374,98.207599,-1e-06,12.091973304748535
7,4.591116977855563,636.18004,181.032308,355.543351,98.855569,-1e-06,12.092008590698242
8,5.22881618514657,633.366056,180.880526,355.558932,96.164316,-1e-06,12.101984024047852
9,5.867835441604257,633.228384,180.877397,355.369139,96.164076,-1e-06,12.174230575561523
10,6.508632546290755,634.037676,180.882196,356.04141,96.136285,-1e-06,12.184271812438965
11,7.148447876796126,633.982136,181.108549,355.343039,96.692834,-1e-06,12.202851295471191
12,7.7864523977041245,632.560964,180.812125,354.991372,95.984662,-1e-06,12.205948829650879
13,8.427189081907272,633.387206,180.776515,355.776244,96.044883,-1e-06,12.251537322998047
14,9.065956825390458,632.313368,181.094389,354.81029,95.628387,-1e-06,12.265886306762695
15,9.706658920273185,633.026151,180.759375,355.277367,96.214106,-1e-06,12.269142150878906
16,10.3458059001714,632.39159,180.908947,355.028734,95.675048,-1e-06,12.282621383666992
17,10.985524887219071,632.563062,180.885336,355.164816,95.741929,-1e-06,12.430264472961426
18,11.625135773792863,632.348449,180.886956,355.048753,95.612526,-1e-06,12.519349098205566
19,12.266306625679135,633.693402,180.805096,355.160046,96.958618,-1e-06,12.545343399047852
20,12.90542608499527,632.635514,181.009908,355.013693,95.83598,-1e-06,12.552803993225098
21,13.545701721683145,633.481738,180.858685,355.324898,96.44887,-1e-06,12.62007999420166
22,14.184296812862158,632.291528,180.942427,354.794129,95.787489,-1e-06,12.620866775512695
23,14.824902854859829,633.192923,180.877216,355.243607,96.167486,-1e-06,12.717574119567871
24,15.464109905064106,632.240417,180.935527,354.766239,95.752749,-1e-06,12.797707557678223
25,16.10381685383618,632.258627,180.884356,354.84529,95.768699,-1e-06,12.87692642211914
26,16.743036413565278,631.76363,180.843546,354.593567,95.564626,-1e-06,12.898231506347656
27,17.383527236059308,632.672595,180.756325,355.243376,95.880001,-1e-06,12.937047004699707
28,18.02253945171833,631.763099,180.841036,354.544845,95.600026,-1e-06,12.979170799255371
29,18.663801945745945,633.243343,180.912286,355.149885,96.4045,-1e-06,13.011292457580566
30,19.302677251398563,631.978923,180.899506,354.586946,95.730559,-1e-06,13.002933502197266
31,19.9430807903409,632.98203,180.881036,354.777759,96.546581,-1e-06,12.986028671264648
32,20.582036565989256,632.085354,180.738764,354.540835,96.034993,-1e-06,13.044123649597168
33,21.222679629921913,632.809207,180.971547,355.176486,95.854751,-1e-06,13.047900199890137
34,21.861368941143155,631.847492,180.681873,354.421024,95.953262,-1e-06,13.066388130187988
35,22.501979073509574,632.638384,180.713423,355.001842,96.084695,-1e-06,13.069527626037598
36,23.141507290303707,631.905661,180.849355,354.502895,95.783889,-1e-06,13.0504732131958
37,23.781345399096608,632.44409,180.808184,354.728979,96.066314,-1e-06,13.036310195922852
38,24.420652272179723,631.736049,181.010738,354.20001,95.755119,-1e-06,13.08701229095459
39,25.062135238200426,633.413547,180.952778,355.300027,96.224217,-1e-06,13.040328979492188
40,25.700809368863702,632.026723,180.905976,354.627556,95.622746,-1e-06,13.041642189025879
41,26.3403983656317,632.076765,180.871046,354.405473,96.025534,-1e-06,13.007312774658203
42,26.979750137776136,631.79903,180.976348,354.23461,95.81698,-1e-06,13.056262969970703
43,27.619678881019354,632.008563,180.977757,354.387303,95.872341,-1e-06,13.02944564819336
44,28.260135661810637,632.518411,180.708303,354.175939,96.715055,-1e-06,13.035881996154785
45,28.90000800229609,632.438442,180.848976,354.352553,96.46033,-1e-06,13.00112247467041
46,29.539049429818988,631.689049,181.014378,354.094337,95.81994,-1e-06,13.032504081726074
47,30.17930400557816,632.221527,180.969507,354.609966,95.86797,-1e-06,13.03446102142334
48,30.819220488891006,632.321699,181.031898,354.18584,96.327718,-1e-06,12.991874694824219
49,31.458751553669572,632.163506,180.981198,354.410383,96.012943,-1e-06,13.011594772338867
50,32.09822087734938,631.617357,180.966418,353.925525,95.957832,-1e-06,13.00425910949707
51,32.737979566678405,631.83836,180.772414,354.14853,96.148665,-1e-06,13.023128509521484
52,33.37711698561907,631.353564,180.968178,353.961916,95.617487,-1e-06,13.00922679901123
53,34.012452403083444,632.246787,180.978918,354.576956,95.929872,-1e-06,13.012081146240234
54,34.6474133618176,631.95446,181.187361,354.411366,95.59106,-1e-06,13.043583869934082
55,35.28332117572427,632.874421,181.062725,354.435005,96.544757,-1e-06,12.980619430541992
56,35.918255703523755,631.65399,180.973943,353.694272,96.21235,-1e-06,13.036259651184082
57,36.55795369297266,631.887534,180.79111,354.254573,96.058088,-1e-06,13.042264938354492
58,37.19676651805639,631.490237,181.053424,353.907956,95.762223,-1e-06,13.002408981323242
59,37.836567647755146,631.957935,181.050935,353.978488,96.16936,-1e-06,12.995935440063477
60,38.47537982277572,631.07611,180.905691,353.686343,95.724302,-1e-06,13.012672424316406
61,39.11136229895055,632.996953,180.988873,354.556278,96.521877,-1e-06,13.001215934753418
62,39.746921345591545,632.503795,181.315269,354.68691,95.719902,-1e-06,13.01208209991455
63,40.3820640463382,632.124358,181.041224,353.970488,96.354643,-1e-06,13.032142639160156
64,41.01575152203441,630.740204,180.939193,353.309176,95.714132,-1e-06,13.035847663879395
65,41.655132316052914,631.62113,180.902202,353.630511,96.333693,-1e-06,13.025251388549805
66,42.293656796216965,630.548311,180.650397,353.56532,95.55624,-1e-06,12.998247146606445
67,42.92984843440354,633.202917,180.78634,354.947374,96.653759,-1e-06,13.010945320129395
68,43.565403401851654,632.639497,181.100575,354.441836,96.309922,-1e-06,13.002954483032227
69,44.200304597616196,631.932244,181.257128,353.976768,95.943156,-1e-06,13.033365249633789
70,44.83437191136181,630.758875,180.948723,353.57008,95.475208,-1e-06,13.053180694580078
71,45.47353832051158,631.368385,180.866591,353.805834,95.899006,-1e-06,13.018447875976562
72,46.108396185562015,631.825003,180.889432,353.911406,96.260292,-1e-06,13.00725269317627
73,46.74386479333043,632.471204,181.033433,354.308034,96.374114,-1e-06,13.05108642578125
74,47.378474773839116,631.516068,181.001043,353.648292,96.076528,-1e-06,13.040393829345703
75,48.01389572955668,631.426696,180.947642,353.649822,96.070388,-1e-06,13.073674201965332
76,48.65197544172406,630.477049,180.857281,353.040992,95.825484,-1e-06,13.064386367797852
77,49.2863140180707,631.382076,180.846201,353.808925,95.942386,-1e-06,13.03066349029541
78,49.92136040702462,632.074257,181.057814,354.332963,95.865425,-1e-06,13.093838691711426
79,50.555380787700415,631.146312,180.865321,353.312096,96.179491,-1e-06,13.057753562927246
80,51.191813722252846,630.823436,180.948793,353.160823,95.936017,-1e-06,13.103384017944336
81,51.83152677118778,631.447637,180.900571,353.797404,95.914266,-1e-06,13.067622184753418
82,52.46567492373288,631.182561,180.873711,353.816855,95.710302,-1e-06,13.079986572265625
83,53.10063057206571,631.818763,181.079135,354.020988,95.966117,-1e-06,13.069806098937988
84,53.73499829880893,631.372895,180.712938,353.992908,95.874885,-1e-06,13.116209983825684
85,54.37111905775964,631.241364,181.100015,353.660122,95.700362,-1e-06,13.103918075561523
86,55.00908995606005,630.174764,180.742589,353.076722,95.58434,-1e-06,13.110902786254883
87,55.64413766562939,632.20102,180.884672,354.232333,96.322843,-1e-06,13.112792015075684
88,56.2789393812418,631.570839,181.003564,353.984977,95.825714,-1e-06,13.135668754577637
89,56.9128899499774,630.948058,180.878121,353.424858,95.877776,-1e-06,13.113454818725586
90,57.55015832744539,630.464419,180.863521,353.080812,95.746233,-1e-06,13.151726722717285
91,58.18955755233765,631.400576,180.949042,353.5114,96.140679,-1e-06,13.1695556640625
92,58.82518729194999,632.700289,181.148897,354.393574,96.206091,-1e-06,13.168313980102539
93,59.46057771705091,632.244801,181.403181,354.221821,95.818123,-1e-06,13.185794830322266
94,60.09440688416362,630.868327,180.965383,353.428448,95.715473,-1e-06,13.199060440063477
95,60.729721147567034,631.453186,180.904482,353.59426,96.1799,-1e-06,13.220256805419922
96,61.36850483156741,631.208302,180.984243,353.430808,96.026888,-1e-06,13.190614700317383
97,62.00318133458495,631.728441,180.948462,354.09772,95.921426,-1e-06,13.251730918884277
98,62.6383958067745,632.011926,181.164196,353.885236,96.18298,-1e-06,13.30015754699707
99,63.27294868603349,631.554678,181.045874,353.762454,95.992147,-1e-06,13.276995658874512
100,63.908946892246604,632.071518,180.854381,353.312366,96.704929,-1e-06,13.33383560180664
101,64.54852723889053,631.473757,180.984353,353.473819,96.229021,-1e-06,13.34289264678955
102,65.18763320893049,631.318364,181.005513,353.279776,96.272112,-1e-06,13.320011138916016
103,65.82646876387298,630.892836,180.797319,353.48263,95.863195,-1e-06,13.348359107971191
104,66.46076158992946,631.294365,181.024595,353.838025,95.669352,-1e-06,13.311800956726074
105,67.09653694182634,632.7987,181.199597,354.665989,96.1489,-1e-06,13.373502731323242
106,67.73024873808026,630.544791,181.173386,353.033581,95.58045,-1e-06,13.432366371154785
107,68.36582589522004,630.683853,180.84253,353.335237,95.747143,-1e-06,13.42025089263916
108,69.00008122064173,631.287684,180.921371,353.927507,95.683122,-1e-06,13.381429672241211
109,69.63506782799959,631.726071,181.076315,353.765434,96.036728,-1e-06,13.452229499816895
110,70.26863205060363,630.622892,181.205797,352.96361,95.682302,-1e-06,13.487571716308594
111,70.90600032173097,631.322344,180.767409,353.280695,96.500736,-1e-06,13.426055908203125
112,71.5455601979047,630.822666,180.878781,353.185714,95.982998,-1e-06,13.46853256225586
113,72.18452059477568,630.862557,180.752309,353.302555,96.045918,-1e-06,13.46205997467041
114,72.8188103903085,631.324264,180.908042,353.906836,95.704822,-1e-06,13.485286712646484
115,73.45401740260422,632.002126,181.048614,354.201392,95.979227,-1e-06,13.482415199279785
116,74.08754175528884,630.558821,181.147086,352.799037,95.839674,-1e-06,13.495564460754395
117,74.72413258068264,630.647753,180.907752,353.282046,95.690222,-1e-06,13.522614479064941
118,75.3595038857311,632.385703,180.958012,354.043239,96.593058,-1e-06,13.54098129272461
119,75.99471663683653,631.858654,181.37239,353.833265,95.890385,-1e-06,13.49960708618164
120,76.62855051457882,630.839456,180.969313,353.402988,95.702962,-1e-06,13.509673118591309
121,77.26350111328065,630.960418,180.991254,353.195443,95.998017,-1e-06,13.5439453125
122,77.89796676114202,631.568558,180.959693,354.056679,95.788083,-1e-06,13.535284996032715
123,78.53268522582948,631.428637,180.984164,353.816634,95.863436,-1e-06,13.555464744567871
124,79.16606599465013,630.400289,180.834461,353.193984,95.623961,-1e-06,13.53326416015625
125,79.80295943655074,631.091521,180.994174,352.888959,96.453196,-1e-06,13.567939758300781
126,80.43644422665238,630.633212,180.705309,353.154993,96.018637,-1e-06,13.617867469787598
127,81.07155755721033,632.120308,181.002234,354.09286,96.256532,-1e-06,13.611814498901367
128,81.7065975163132,632.023036,181.057185,353.610731,96.399574,-1e-06,13.594544410705566
129,82.34337365627289,630.940188,181.034154,353.042971,95.947416,-1e-06,13.644771575927734
130,82.98143423721194,630.47934,180.8294,352.850818,96.032358,-1e-06,13.574785232543945
131,83.61592566594481,631.517827,180.887411,353.500299,96.347233,-1e-06,13.576722145080566
132,84.2499005459249,631.07418,180.988743,353.468259,95.856425,-1e-06,13.575984001159668
133,84.88361032120883,630.714063,180.911432,353.207734,95.834984,-1e-06,13.607072830200195
134,85.52023730799556,630.153724,180.80048,352.742086,95.836404,-1e-06,13.694191932678223
135,86.15426898933947,631.10801,180.79057,353.56163,95.992307,-1e-06,13.6527099609375
136,86.78821134008467,630.983118,180.969843,353.305826,95.927776,-1e-06,13.639483451843262
137,87.42181522399187,630.650203,181.018533,352.95476,95.924646,-1e-06,13.6361665725708
138,88.05968512222171,630.393079,180.946473,352.92745,95.771863,-1e-06,13.655293464660645
139,88.6948212813586,632.048977,180.81127,354.035749,96.396185,-1e-06,13.699602127075195
140,89.3288811147213,630.933208,181.216427,353.326636,95.609021,-1e-06,13.643545150756836
141,89.96237817592919,630.48806,180.773369,352.874688,96.037019,-1e-06,13.694942474365234
142,90.59911628440022,630.585632,180.891472,352.892678,96.028068,-1e-06,13.704801559448242
143,91.23271394707263,630.753444,180.8028,353.401197,95.792933,-1e-06,13.693984031677246
144,91.86656329594553,630.881846,180.974603,353.367667,95.749003,-1e-06,13.649429321289062
145,92.50052789598703,631.020779,180.922662,353.169384,96.14686,-1e-06,13.696941375732422
146,93.1394814234227,630.650362,181.006354,352.640615,96.224911,-1e-06,13.755582809448242
147,93.7773492410779,629.964871,180.815411,352.674995,95.701821,-1e-06,13.694910049438477
148,94.41132240183651,630.989039,180.998414,353.465268,95.764253,-1e-06,13.777054786682129
149,95.04558736644685,631.266894,180.925152,353.171773,96.344283,-1e-06,13.782509803771973
150,95.67887465469539,630.338868,180.899522,352.657855,96.014398,-1e-06,13.718722343444824
151,96.31733994372189,630.740894,180.964653,352.4344,96.528976,-1e-06,13.74849796295166
152,96.95002763159573,629.861249,180.291971,352.919179,95.882086,-1e-06,13.706642150878906
153,97.58257574774325,629.574944,180.217181,352.793077,95.804444,-1e-06,13.768218994140625
154,98.21575057320297,629.31615,180.399494,352.268318,95.890065,-1e-06,13.764984130859375
155,98.84862270392478,629.857849,180.378052,352.727956,95.984197,-1e-06,13.727391242980957
156,99.48078299313784,629.174567,180.235061,352.187127,95.930996,-1e-06,13.79922866821289
157,100.11596978455782,630.108643,180.360572,352.526862,96.451065,-1e-06,13.771246910095215
158,100.74843242950737,629.540543,180.134719,352.752766,95.865785,-1e-06,13.824438095092773
159,101.38126654922962,629.847868,180.201479,352.344659,96.531937,-1e-06,13.802542686462402
160,102.01383348554373,628.829481,180.137099,352.313259,95.59216,-1e-06,13.793292999267578
161,102.64694786071777,630.169374,180.077277,353.135403,96.18696,-1e-06,13.799175262451172
162,103.2797943521291,629.90202,180.2173,352.538833,96.322213,-1e-06,13.81933307647705
163,103.91448814421892,629.817018,180.443484,352.503432,96.083398,-1e-06,13.770833015441895
164,104.54679203592241,629.37887,180.2393,352.679655,95.671381,-1e-06,13.785445213317871
165,105.17866596952081,628.915383,180.074567,352.107305,95.983187,-1e-06,13.797928810119629
166,105.81251356750727,628.613067,179.985656,352.136345,95.741303,-1e-06,13.835061073303223
167,106.44524298608303,629.702856,180.119888,352.916959,95.885986,-1e-06,13.82531452178955
168,107.07725559361279,629.052975,180.294381,351.887741,96.035738,-1e-06,13.832439422607422
169,107.71290812268853,629.469573,180.147028,352.428391,96.1329,-1e-06,13.858366966247559
170,108.34540227800608,629.578564,180.18656,352.878059,95.743513,-1e-06,13.904365539550781
171,108.97763448767364,629.235289,180.14791,352.235088,96.064618,-1e-06,13.859540939331055
172,109.61165569908917,629.020635,180.096827,352.443091,95.701762,-1e-06,13.849441528320312
173,110.2447642236948,630.115174,180.20406,353.079132,95.989787,-1e-06,13.844470977783203
174,110.87651394493878,628.813161,180.179269,352.041634,95.820624,-1e-06,13.847576141357422
175,111.51256299205124,630.452259,180.129108,352.997291,96.366913,-1e-06,13.822487831115723
176,112.14524433016777,629.614915,180.109229,352.909619,95.707752,-1e-06,13.840424537658691
177,112.77734779752791,629.143597,180.165839,352.3472,95.872825,-1e-06,13.83375072479248
178,113.41068095713854,629.091796,180.160298,352.235498,95.933776,-1e-06,13.888518333435059
179,114.04394083470106,630.238896,180.27554,352.731716,96.443335,-1e-06,13.893519401550293
180,114.6754559520632,628.572066,180.033017,351.546796,96.233651,-1e-06,13.947549819946289
181,115.31013005413115,629.213288,180.078658,352.022483,96.268191,-1e-06,13.88356876373291
182,115.94166213274002,628.682308,180.008146,352.385129,95.508818,-1e-06,13.914963722229004
183,116.57338599301875,628.77841,180.088128,351.837331,96.076759,-1e-06,13.895444869995117
184,117.20942313037813,629.041675,180.189449,351.933232,96.119119,-1e-06,13.934741020202637
185,117.8424432426691,630.088973,180.255901,352.547913,96.511517,-1e-06,13.89084529876709
186,118.47333328053355,627.909155,180.157189,351.284961,95.700362,-1e-06,13.860550880432129
187,119.10864520445466,628.846742,180.091358,352.097304,95.878105,-1e-06,13.87712574005127
188,119.7412471100688,629.715047,180.181409,352.637844,96.126189,-1e-06,13.964499473571777
189,120.37293355166912,628.69733,180.118758,351.556646,96.253801,-1e-06,13.86303997039795
190,121.00837090797722,629.228488,180.049366,352.37586,95.993998,-1e-06,13.879562377929688
191,121.64126166887581,629.87819,180.097378,352.691556,96.302572,-1e-06,13.884949684143066
192,122.2727188244462,628.567046,180.088448,351.738268,95.953626,-1e-06,13.921699523925781
193,122.90779096446931,629.117656,180.067567,352.189517,96.077878,-1e-06,13.94170093536377
194,123.54035524092615,629.681786,180.22087,352.41845,96.281822,-1e-06,13.935991287231445
195,124.17220412380993,628.876592,180.185619,351.912371,95.994927,-1e-06,13.9398775100708
196,124.80682940594852,628.7925,179.905864,351.82,96.303123,-1e-06,13.890145301818848
197,125.43976555764675,629.92165,180.24177,352.409271,96.440745,-1e-06,13.881941795349121
198,126.07080104574561,627.866574,180.035987,351.383482,95.647161,-1e-06,13.949901580810547
199,126.70642985589802,628.7925,180.130179,351.983523,95.919456,-1e-06,13.9688720703125
200,127.33817807771266,628.810871,180.009776,352.403811,95.631811,-1e-06,13.904718399047852
201,127.97006004117429,628.799371,180.059107,351.84909,96.043269,-1e-06,13.93411922454834
202,128.60535780526698,628.539426,180.077207,352.082824,95.601461,-1e-06,13.90628719329834
203,129.23827248811722,629.94682,180.22403,352.646674,96.319204,-1e-06,13.98250675201416
204,129.86948192864656,628.223851,180.092909,351.548336,95.799054,-1e-06,13.939001083374023
205,130.5050926581025,628.822812,180.106247,351.905022,96.033599,-1e-06,13.936142921447754
206,131.13733799755573,629.32388,180.297252,352.503602,95.761743,-1e-06,13.951666831970215
207,131.7690101992339,628.684319,180.357662,351.600676,95.949526,-1e-06,14.00035572052002
208,132.4040463976562,628.441144,179.998286,351.740769,95.935556,-1e-06,13.995213508605957
209,133.03610724397004,629.037555,179.932636,352.419021,95.927746,-1e-06,13.997309684753418
210,133.6670826729387,628.014816,179.959555,351.505304,95.792093,-1e-06,13.980315208435059
211,134.30377328023314,628.75624,179.887444,351.936562,96.150269,-1e-06,14.000163078308105
212,134.9361008219421,629.468502,180.116938,352.561303,96.003947,-1e-06,13.973579406738281
213,135.56728105433285,628.19642,179.941025,351.590106,95.898365,-1e-06,13.958048820495605
214,136.20267883874476,628.126528,179.939415,351.84578,95.57683,-1e-06,13.982244491577148
215,136.8354953881353,629.786887,180.130148,352.37381,96.500406,-1e-06,13.932129859924316
216,137.46636228635907,627.902775,180.067587,351.381502,95.696352,-1e-06,13.922951698303223
217,138.10297266207635,628.831171,180.009756,351.980473,96.072929,-1e-06,13.9536771774292
218,138.7354933656752,629.575624,180.040197,352.3712,96.389524,-1e-06,14.034111976623535
219,139.3671521563083,628.694929,180.019336,352.023263,95.897556,-1e-06,14.005864143371582
220,140.0029510576278,629.515233,180.082498,352.017484,96.554398,-1e-06,13.975251197814941
221,140.6352688409388,629.130617,180.031526,352.275928,96.023378,-1e-06,14.005223274230957
222,141.26604404486716,627.874205,179.989616,351.24306,95.881955,-1e-06,13.923734664916992
223,141.90147397108376,628.622737,179.979175,351.670858,96.178801,-1e-06,13.926203727722168
224,142.53305087983608,628.605468,179.989336,352.185696,95.656751,-1e-06,13.964746475219727
225,143.1644000839442,628.337173,180.005867,351.566695,96.004487,-1e-06,14.014492988586426
226,143.79975291900337,627.661181,179.910045,351.22266,95.730922,-1e-06,14.009332656860352
227,144.43195479921997,629.152506,179.885514,352.35989,96.109789,-1e-06,14.017204284667969
228,145.0627554729581,627.679611,179.868334,351.201549,95.847635,-1e-06,13.974332809448242
229,145.69418497011065,628.450255,179.798382,352.060894,95.834905,-1e-06,13.994256973266602
230,146.32463541813195,627.459817,179.965985,351.138728,95.57413,-1e-06,14.029102325439453
231,146.9601094853133,628.610137,179.881744,351.752739,96.1628,-1e-06,14.065977096557617
232,147.59218519181013,629.139567,180.095078,352.046994,96.225592,-1e-06,14.0557222366333
233,148.22344933636487,628.256061,179.921565,351.539405,95.942496,-1e-06,13.996515274047852
234,148.8588144108653,628.068179,180.024487,351.081668,96.16796,-1e-06,13.994755744934082
235,149.4906633440405,628.78177,180.143729,351.769589,96.094569,-1e-06,14.01194953918457
236,150.1211936827749,627.586899,179.749622,351.376792,95.660542,-1e-06,14.01512622833252
237,150.7547211162746,630.571201,180.188159,352.619364,96.832892,-1e-06,13.980039596557617
238,151.3863246962428,628.433934,180.009877,351.418113,96.22064,-1e-06,14.014481544494629
239,152.01852879486978,628.248891,179.875804,351.619936,95.989507,-1e-06,13.988292694091797
240,152.6499850731343,628.458435,180.161099,351.76945,95.765263,-1e-06,14.009209632873535
241,153.28165058232844,628.684759,179.877065,351.373543,96.630548,-1e-06,14.038481712341309
242,153.91730355285108,627.722702,180.013826,351.23417,95.698542,-1e-06,13.994664192199707
243,154.54894573055208,628.630648,180.058537,351.755709,96.039988,-1e-06,14.039990425109863
244,155.18016023375094,628.24467,180.022567,351.131978,96.328472,-1e-06,14.027886390686035
245,155.81597830727696,627.845864,179.798233,351.394752,95.857224,-1e-06,14.02418041229248
246,156.4476638957858,628.676288,180.121418,351.932452,95.860394,-1e-06,13.972606658935547
247,157.07857019267976,627.926575,179.856583,351.217499,96.067009,-1e-06,13.935726165771484
248,157.70954312197864,628.073977,179.791002,351.546625,95.963026,-1e-06,14.059037208557129
249,158.34131667390466,628.797931,179.895345,351.737599,96.376365,-1e-06,14.014481544494629
250,158.975632481277,628.123669,179.807913,351.284311,96.240601,-1e-06,14.05786418914795
251,159.60798020288348,629.015354,179.936795,352.134985,96.15238,-1e-06,14.07183837890625
252,160.23844135180116,627.572559,179.877464,351.020966,95.904595,-1e-06,14.06273078918457
253,160.8745979797095,628.350813,179.796193,351.475784,96.290592,-1e-06,14.06808853149414
254,161.50601496733725,628.229601,180.100457,351.552026,95.802663,-1e-06,14.038440704345703
255,162.13753157295287,628.521925,179.913355,351.532145,96.266722,-1e-06,14.004033088684082
256,162.76905014179647,628.561286,179.916304,352.219277,95.644771,-1e-06,14.02670669555664
257,163.39990733750165,627.883154,180.063047,351.26414,95.764403,-1e-06,14.076454162597656
258,164.03388032875955,627.913286,179.803842,351.501834,95.850285,-1e-06,14.045645713806152
259,164.66517437249422,628.268811,179.986967,351.660408,95.841464,-1e-06,14.034634590148926
260,165.29534751735628,627.197853,179.863924,350.916884,95.630221,-1e-06,14.042577743530273
261,165.9269785452634,628.709279,180.029846,351.704438,96.17757,-1e-06,14.100836753845215
262,166.55738390423357,627.506317,179.921214,350.861384,95.939276,-1e-06,14.04460334777832
263,167.19289996102452,628.006066,179.894854,351.162319,96.16444,-1e-06,14.072118759155273
264,167.82344383187592,627.544618,179.974405,351.033177,95.763683,-1e-06,14.117359161376953
265,168.4548550285399,628.442745,179.856594,351.350232,96.473286,-1e-06,14.061053276062012
266,169.08595837838948,628.118249,179.770852,351.722139,95.803234,-1e-06,14.083515167236328
267,169.71707972884178,628.067267,179.929235,351.138858,96.240781,-1e-06,14.066703796386719
268,170.35183164291084,627.535058,179.879653,350.842673,96.027658,-1e-06,14.138899803161621
269,170.98321591876447,628.408094,180.024956,351.612676,95.942146,-1e-06,14.100224494934082
270,171.6135149858892,627.363936,179.920424,350.958635,95.701412,-1e-06,14.053165435791016
271,172.2452076561749,628.711509,179.862754,351.894842,96.165071,-1e-06,14.058656692504883
272,172.87573619559407,627.609891,179.954186,351.050387,95.819794,-1e-06,14.113502502441406
273,173.5116418711841,627.54914,179.849633,351.064087,95.876596,-1e-06,14.099900245666504
274,174.14315258711576,628.423304,179.945486,351.604167,96.101959,-1e-06,14.104140281677246
275,174.7740679141134,627.927665,179.766322,351.086477,96.277802,-1e-06,14.084585189819336
276,175.4098630156368,627.876854,179.842743,351.23135,96.026188,-1e-06,14.073025703430176
277,176.0409284159541,627.982736,180.154969,351.19522,95.839594,-1e-06,14.078805923461914
278,176.6710499189794,627.172812,179.729602,350.932965,95.744564,-1e-06,14.082690238952637
279,177.30175022408366,627.770453,179.891265,351.210969,95.908685,-1e-06,14.123566627502441
280,177.9323769658804,627.665701,179.934386,350.985206,95.985997,-1e-06,14.155021667480469
281,178.56364874914289,628.331352,179.781183,351.669278,96.103779,-1e-06,14.072540283203125
282,179.19368399120867,627.126231,179.793493,350.6244,95.925256,-1e-06,14.085009574890137
283,179.82890066318214,627.589939,179.757522,351.025566,96.046508,-1e-06,14.111940383911133
284,180.4599829427898,628.093788,179.960016,351.412593,95.943906,-1e-06,14.137638092041016
285,181.09065990708768,627.701142,179.804713,351.046647,96.058698,-1e-06,14.093393325805664
286,181.72156710363925,627.901245,179.63908,351.698818,95.766183,-1e-06,14.103312492370605
287,182.35176259838045,627.238043,179.852454,350.797843,95.803364,-1e-06,14.101139068603516
288,182.98669129423797,627.06363,179.700041,350.984295,95.60698,-1e-06,14.10023021697998
289,183.61757931113243,627.846644,179.833203,351.309831,95.929796,-1e-06,14.077439308166504
290,184.24826221354306,627.315675,179.768332,350.874544,95.879776,-1e-06,14.1619873046875
291,184.87996146455407,628.76218,179.764992,351.542095,96.6719,-1e-06,14.083268165588379
292,185.50990120507777,627.105291,179.64212,350.773802,95.906946,-1e-06,14.095556259155273
293,186.14041931554675,627.578899,179.720561,351.437714,95.660302,-1e-06,14.108590126037598
294,186.77082129381597,627.407016,179.714091,350.507047,96.380064,-1e-06,14.120926856994629
295,187.4069781433791,627.869724,179.780662,351.22374,96.077948,-1e-06,14.100825309753418
296,188.03762502595782,627.56971,179.858963,350.908294,96.022748,-1e-06,14.112757682800293
297,188.667880281806,627.301694,179.561289,350.945335,96.031147,-1e-06,14.15187931060791
298,189.29878241755068,627.830873,179.949655,351.193559,95.895866,-1e-06,14.104822158813477
299,189.9294765498489,627.710161,179.728162,350.857634,96.360063,-1e-06,14.150667190551758
300,190.56411774270236,626.814455,179.601809,350.820293,95.62299,-1e-06,14.104602813720703
301,191.19544917717576,628.257801,179.866974,351.569086,96.034999,-1e-06,14.113039016723633
302,191.82517677359283,626.839327,179.750512,350.707031,95.608181,-1e-06,14.158065795898438
303,192.45618874393404,628.045518,179.916455,351.515165,95.847124,-1e-06,14.096583366394043
304,193.08665628172457,627.466847,179.720621,350.858713,96.115669,-1e-06,14.179760932922363
305,193.71766893193126,627.898294,179.824923,351.478724,95.810434,-1e-06,14.165634155273438
306,194.3477076329291,627.068971,179.719962,350.64184,95.944737,-1e-06,14.143288612365723
307,194.97867818176746,627.910445,179.795653,351.320621,96.030128,-1e-06,14.239204406738281
308,195.60869790427387,627.024099,179.918025,350.613489,95.707592,-1e-06,14.183927536010742
309,196.2437266614288,627.444466,179.740391,350.982756,95.890955,-1e-06,14.152989387512207
310,196.87420085072517,627.529468,180.058757,350.951725,95.747823,-1e-06,14.08727741241455
311,197.5046313907951,627.468088,179.761232,350.879444,96.044969,-1e-06,14.191125869750977
312,198.13575694151223,628.231821,179.957245,351.514775,95.990078,-1e-06,14.12177848815918
313,198.76612227782607,627.369365,179.758722,350.70946,96.129159,-1e-06,14.157817840576172
314,199.39614647068083,627.221243,179.730041,351.140748,95.59022,-1e-06,14.094388961791992
315,200.02678638324142,627.65799,179.844423,350.739981,96.312173,-1e-06,14.16773796081543
316,200.66204543597996,627.338215,179.688261,350.992446,95.885296,-1e-06,14.155891418457031
317,201.2940701432526,628.730149,180.037527,351.589416,96.175661,-1e-06,14.113286972045898
318,201.92401129193604,626.749745,179.781223,350.354004,95.815404,-1e-06,14.142043113708496
319,202.55455995351076,627.57618,179.733461,351.064807,96.018827,-1e-06,14.150558471679688
320,203.1848861090839,627.338604,179.850263,350.686,96.026697,-1e-06,14.17641830444336
321,203.81558057293296,627.696692,179.729051,351.132978,96.049778,-1e-06,14.164783477783203
322,204.44560203514993,627.126362,179.782193,350.68721,95.872344,-1e-06,14.214970588684082
323,205.0811881441623,627.888205,179.60077,351.203449,96.304183,-1e-06,14.177444458007812
324,205.71124397590756,627.142062,179.793413,350.741052,95.852594,-1e-06,14.156709671020508
325,206.34179918654263,627.512058,179.536927,350.748042,96.438345,-1e-06,14.180508613586426
326,206.9721513837576,627.393196,179.904844,351.011686,95.715362,-1e-06,14.185127258300781
327,207.60254115238786,627.431337,179.975746,350.68895,96.002737,-1e-06,14.169797897338867
328,208.23284474760294,627.323934,179.744042,351.101768,95.687442,-1e-06,14.13415813446045
329,208.86321058683097,627.426016,179.765402,350.740932,96.15585,-1e-06,14.12846851348877
330,209.49351989291608,627.465308,179.67411,351.080738,95.931087,-1e-06,14.158724784851074
331,210.12420649640262,627.741102,179.747271,351.069878,96.113509,-1e-06,14.172825813293457
332,210.75818674825132,626.604493,179.593669,350.536588,95.724033,-1e-06,14.161134719848633
333,211.38884693942964,627.681191,179.842323,351.127228,95.941876,-1e-06,14.234262466430664
334,212.01949469186366,627.261494,179.906834,350.580968,95.979187,-1e-06,14.20086669921875
335,212.65105053037405,628.459745,180.009356,351.384222,96.295713,-1e-06,14.210943222045898
336,213.28109122253954,627.06411,179.64928,350.586169,96.064449,-1e-06,14.202269554138184
337,213.91178252734244,627.721092,179.65846,351.288601,96.010747,-1e-06,14.20788860321045
338,214.54164697416127,626.927677,179.757482,350.746362,95.648081,-1e-06,14.192700386047363
339,215.1771935429424,627.431917,179.701771,351.076868,95.869085,-1e-06,14.19851303100586
340,215.80740594677627,627.231303,179.863684,350.757512,95.781423,-1e-06,14.182782173156738
341,216.43835004605353,627.372906,179.64415,350.991245,95.921227,-1e-06,14.187355995178223
342,217.06878880411386,627.537719,179.788453,351.204489,95.766353,-1e-06,14.24248218536377
343,217.69887985661626,627.210423,179.722121,350.752132,95.974576,-1e-06,14.252172470092773
344,218.32888371869922,627.04051,179.774032,350.865394,95.60487,-1e-06,14.270115852355957
345,218.95885637961328,627.00311,179.591769,350.67319,95.970337,-1e-06,14.223952293395996
346,219.58875802904367,627.07491,179.830413,350.513478,95.962596,-1e-06,14.23183536529541
347,220.21899700537324,627.263114,179.66671,350.740311,96.097089,-1e-06,14.208587646484375
348,220.8491167575121,627.138251,179.615399,351.227,95.507419,-1e-06,14.148210525512695
349,221.47877319343388,626.665294,179.734942,350.406545,95.769753,-1e-06,14.225154876708984
350,222.10910589061677,627.375106,179.63125,351.160558,95.785353,-1e-06,14.208653450012207
351,222.7387605048716,626.641903,179.609099,350.218382,96.019067,-1e-06,14.221245765686035
352,223.36899692192674,627.340696,179.796992,350.899004,95.860035,-1e-06,14.242728233337402
353,223.99944217130542,627.409657,179.822932,350.648921,96.102629,-1e-06,14.25555419921875
354,224.63428144529462,626.798886,179.752872,350.409916,95.758523,-1e-06,14.240775108337402
355,225.2651191521436,627.684971,179.854274,350.845074,96.17827,-1e-06,14.207976341247559
356,225.89507503062487,626.829256,179.650349,350.414176,95.997307,-1e-06,14.245595932006836
357,226.52608738094568,627.959326,179.869773,351.040646,96.289733,-1e-06,14.24863338470459
358,227.15577009692788,626.676354,179.582199,350.500617,95.823124,-1e-06,14.265941619873047
359,227.78587074950337,627.170232,179.665041,350.860764,95.884995,-1e-06,14.224544525146484
360,228.41561796702445,626.782595,179.510847,350.594399,95.912696,-1e-06,14.21647834777832
361,229.04638853110373,627.831554,179.715761,351.114298,96.214781,-1e-06,14.229223251342773
362,229.6762045994401,626.865027,179.590739,350.448887,96.057498,-1e-06,14.276741981506348
363,230.3067366387695,627.63496,179.510068,351.174359,96.18858,-1e-06,14.220025062561035
364,230.93623192235827,626.519371,179.720931,350.196052,95.840045,-1e-06,14.21774959564209
365,231.56615501269698,626.941789,179.554018,350.761352,95.870845,-1e-06,14.237661361694336
366,232.19561723433435,626.44969,179.560549,349.967958,96.15093,-1e-06,14.245044708251953
367,232.826042663306,627.448106,179.444886,351.129788,96.101349,-1e-06,14.225547790527344
368,233.45549271441996,626.49093,179.797223,349.866647,96.050398,-1e-06,14.253064155578613
369,234.08539159409702,627.062781,179.530738,350.842123,95.915656,-1e-06,14.185615539550781
370,234.71454637125134,626.199404,179.573378,350.09499,95.756753,-1e-06,14.252553939819336
371,235.3447097837925,627.196892,179.613969,350.799513,96.010487,-1e-06,14.277867317199707
372,235.97441297210753,626.782756,179.552329,350.451706,96.018698,-1e-06,14.281436920166016
373,236.604648726061,627.261993,179.63875,351.078657,95.785923,-1e-06,14.25290584564209
374,237.23398197628558,626.394039,179.69667,350.123811,95.805983,-1e-06,14.293927192687988
375,237.8642901442945,627.377136,179.611349,350.912544,96.071219,-1e-06,14.285877227783203
376,238.49373771622777,626.558341,179.607119,350.220683,95.955846,-1e-06,14.291093826293945
377,239.12394373863935,627.235663,179.480027,351.22695,95.778193,-1e-06,14.3050537109375
378,239.7534747943282,626.545392,179.694081,350.159361,95.908376,-1e-06,14.271049499511719
379,240.38470772653818,628.418754,179.63036,351.079727,96.911524,-1e-06,14.28715991973877
380,241.01448903419077,626.754895,179.61114,350.266764,96.086398,-1e-06,14.262602806091309
381,241.64925524778664,627.141502,179.441166,350.505487,96.393534,-1e-06,14.291357040405273
382,242.27916530705988,626.946707,179.70386,350.446856,96.031347,-1e-06,14.255175590515137
383,242.909534284845,626.737704,179.446966,350.435476,96.074829,-1e-06,14.278095245361328
384,243.53915311954916,626.645293,179.581049,350.564208,95.696142,-1e-06,14.278153419494629
385,244.16894077695906,626.587472,179.605349,350.357705,95.851914,-1e-06,14.326492309570312
386,244.79940000735223,627.296224,179.819363,350.830133,95.867564,-1e-06,14.29173755645752
387,245.42913433350623,626.756245,179.465506,350.451766,96.062509,-1e-06,14.307641983032227
388,246.05888509005308,626.701565,179.730482,350.449646,95.738082,-1e-06,14.273847579956055
389,246.68878180906177,626.653753,179.581319,350.325534,95.973537,-1e-06,14.26076602935791
390,247.31872522085905,626.917188,179.788172,350.67382,95.679102,-1e-06,14.327519416809082
391,247.9484636373818,626.769695,179.494078,350.412855,96.081899,-1e-06,14.314441680908203
392,248.57920330017805,627.555219,179.677761,351.058967,96.018388,-1e-06,14.3071928024292
393,249.20948143675923,627.005969,179.742761,350.303724,96.18513,-1e-06,14.289761543273926
394,249.83946900814772,627.03291,179.611309,350.802693,95.853365,-1e-06,14.293107986450195
395,250.46943967975676,626.99466,179.779133,350.516897,95.924795,-1e-06,14.31820297241211
396,251.09914718568325,626.763045,179.67463,350.788132,95.538149,-1e-06,14.303088188171387
397,251.72880908101797,626.675493,179.637819,350.341295,95.917086,-1e-06,14.301204681396484
398,252.35909688659012,627.311615,179.572399,350.779803,96.1701,-1e-06,14.277198791503906
399,252.9892535917461,627.147611,179.539528,350.768362,96.061928,-1e-06,14.3214750289917
400,253.61888899467885,626.686223,179.530448,350.464136,95.921856,-1e-06,14.324969291687012
401,254.24894620850682,626.966079,179.545468,350.295884,96.276543,-1e-06,14.292783737182617
402,254.87811947613955,626.45701,179.385495,350.677761,95.618841,-1e-06,14.34149169921875
403,255.50833198055625,627.216733,179.593589,350.284883,96.561036,-1e-06,14.319138526916504
404,256.13798221573234,626.668193,179.394175,350.801622,95.704051,-1e-06,14.306939125061035
405,256.7683247830719,627.377606,179.474507,350.544378,96.511026,-1e-06,14.309351921081543
406,257.3979948684573,626.504581,179.513648,350.555618,95.665852,-1e-06,14.302847862243652
407,258.0278482157737,626.878716,179.751022,350.08006,96.276722,-1e-06,14.26978588104248
408,258.65733969956636,626.511481,179.450867,350.64629,95.637062,-1e-06,14.332490921020508
409,259.2863294240087,626.075023,179.424396,349.942127,95.938016,-1e-06,14.37348747253418
410,259.91597933880985,626.636243,179.596119,350.62482,95.644711,-1e-06,14.335172653198242
411,260.54588858783245,626.935688,179.392215,350.513967,96.237292,-1e-06,14.368608474731445
412,261.17587417922914,627.141142,179.750273,350.829653,95.789414,-1e-06,14.377399444580078
413,261.80523161031306,626.385289,179.394375,350.362785,95.839634,-1e-06,14.325360298156738
414,262.43509623780847,626.931328,179.678781,350.62814,95.857285,-1e-06,14.320337295532227
415,263.06502811796963,626.926708,179.707271,350.297324,96.15606,-1e-06,14.353160858154297
416,263.69492884911597,626.969839,179.707292,350.616429,95.881335,-1e-06,14.326570510864258
417,264.3241486158222,626.242275,179.518817,350.176132,95.773893,-1e-06,14.36905288696289
418,264.95348781719804,626.385648,179.713851,350.263543,95.637981,-1e-06,14.313469886779785
419,265.5840739365667,627.58748,180.15055,350.67639,95.874515,-1e-06,14.3621187210083
420,266.2136491909623,626.432999,179.540728,350.301043,95.784794,-1e-06,14.35704231262207
421,266.8430636227131,626.425249,179.483037,350.117911,96.031218,-1e-06,14.30826473236084
422,267.47231578081846,626.109424,179.60319,350.226132,95.517288,-1e-06,14.360569953918457
423,268.1014390960336,626.113023,179.423756,350.12962,95.780533,-1e-06,14.386260986328125
424,268.73113535158336,626.679853,179.576999,350.298584,96.033038,-1e-06,14.398809432983398
425,269.3606666158885,626.241077,179.431657,350.175652,95.870305,-1e-06,14.318129539489746
426,269.98990051448345,626.247666,179.58918,349.931807,95.948196,-1e-06,14.37875747680664
427,270.6204218752682,626.508401,179.489187,350.449377,95.819234,-1e-06,14.374868392944336
428,271.24962133169174,626.088103,179.605099,349.998759,95.710072,-1e-06,14.389945030212402
429,271.8800012189895,626.261627,179.438377,350.102011,95.952966,-1e-06,14.371137619018555
430,272.5092908088118,626.259866,179.553178,350.241503,95.687762,-1e-06,14.299924850463867
431,273.13938220217824,626.319217,179.393916,350.170732,95.951267,-1e-06,14.402236938476562
432,273.7682547830045,625.922801,179.563679,350.07721,95.516319,-1e-06,14.331028938293457
433,274.3991097789258,627.143131,179.339264,350.475587,96.564507,-1e-06,14.351752281188965
434,275.0289723891765,626.819746,179.67012,350.112311,96.275362,-1e-06,14.36470890045166
435,275.65893580019474,626.370869,179.463297,350.146071,96.000307,-1e-06,14.329607009887695
436,276.2882578689605,626.146364,179.563899,350.0767,95.737503,-1e-06,14.324685096740723
437,276.91885968111455,626.533371,179.476717,350.171491,96.110949,-1e-06,14.370413780212402
438,277.54827885329723,626.365499,179.65643,350.08336,95.854995,-1e-06,14.37450122833252
439,278.17834715358913,626.46333,179.555458,350.200602,95.945497,-1e-06,14.365777969360352
440,278.807858325541,626.456779,179.710731,350.12313,95.855574,-1e-06,14.391219139099121
441,279.437826577574,626.46426,179.626939,350.145151,95.901926,-1e-06,14.40235710144043
442,280.0667385607958,625.781609,179.597939,349.864937,95.54972,-1e-06,14.411153793334961
443,280.6970548275858,626.449429,179.436466,350.304324,95.945356,-1e-06,14.395895957946777
444,281.3263673465699,626.365538,179.598999,350.180651,95.817054,-1e-06,14.395224571228027
445,281.9563763588667,626.316748,179.456287,349.926088,96.172321,-1e-06,14.411332130432129
446,282.58647408150136,627.109681,179.60754,350.709411,95.952686,-1e-06,14.368824005126953
447,283.21664954535663,626.159925,179.480418,349.940408,95.944866,-1e-06,14.353730201721191
448,283.8460396770388,626.316788,179.496557,350.165662,95.895396,-1e-06,14.422579765319824
449,284.4764546342194,626.224286,179.521479,349.961358,95.969657,-1e-06,14.372282981872559
450,285.10649778693914,626.978229,179.701892,350.191472,96.294933,-1e-06,14.399563789367676
451,285.7360143698752,626.49321,179.389485,349.968938,96.348513,-1e-06,14.46241283416748
452,286.3655959740281,626.339408,179.676761,350.147621,95.728923,-1e-06,14.421446800231934
453,286.995621714741,626.45899,179.438727,349.979228,96.260452,-1e-06,14.37365436553955
454,287.624682251364,626.031712,179.489677,349.912996,95.864035,-1e-06,14.399235725402832
455,288.25495989620686,626.48962,179.458567,350.229593,96.036878,-1e-06,14.432862281799316
456,288.8843985591084,626.484391,179.62144,350.293404,95.808194,-1e-06,14.388910293579102
457,289.51511632092297,626.551181,179.371835,350.12282,96.221161,-1e-06,14.432209014892578
458,290.14449256286025,626.399709,179.66228,350.313054,95.660632,-1e-06,14.420868873596191
459,290.7744365017861,626.48962,179.477047,350.003589,96.246281,-1e-06,14.43271541595459
460,291.40473034977913,627.183742,179.620949,350.556468,96.17818,-1e-06,14.442843437194824
461,292.03419785015285,626.324917,179.532507,350.08686,95.911686,-1e-06,14.417248725891113
462,292.66417327336967,626.759866,179.564508,350.06422,96.357574,-1e-06,14.451727867126465
463,293.29338184930384,626.033212,179.483277,349.742024,96.038018,-1e-06,14.442696571350098
464,293.92302104458213,626.542261,179.852794,350.244073,95.678442,-1e-06,14.44788646697998
465,294.55294071510434,626.108144,179.485036,350.09059,95.764913,-1e-06,14.438817024230957
466,295.1819030083716,625.959631,179.589229,350.023969,95.57613,-1e-06,14.42673397064209
467,295.812319656834,626.399019,179.487807,350.283634,95.862915,-1e-06,14.412395477294922
468,296.44190853089094,626.622313,179.799352,350.272113,95.778994,-1e-06,14.432694435119629
469,297.07278028689325,626.501371,179.716811,350.319254,95.697833,-1e-06,14.438279151916504
470,297.7018103413284,625.988682,179.542869,349.883476,95.796094,-1e-06,14.468811988830566
471,298.3318155631423,626.141274,179.556589,349.824476,95.976087,-1e-06,14.466248512268066
472,298.9611667841673,626.402799,179.600869,350.158981,95.859665,-1e-06,14.46534252166748
473,299.59103477187455,626.072304,179.624031,349.758384,95.898535,-1e-06,14.441784858703613
474,300.22028809040785,626.231396,179.61731,350.023159,95.787523,-1e-06,14.441884994506836
