elapsed_sec,gpu_util_mean,gpu_util_std,gpu_mem_used_mean,gpu_mem_used_std,proc_cpu_percent_mean,proc_cpu_percent_std,sys_cpu_percent_mean,sys_cpu_percent_std,step_energy_kwh_mean,step_energy_kwh_std,cumulative_gpu_energy_kwh_mean,cumulative_gpu_energy_kwh_std
0.0,54.666666666666664,13.576941236277534,8637.25,0.0,106.4,0.4358898943540719,0.6,0.0,1.3210740740740741e-05,2.1430379910948197e-06,1.3210740740740741e-05,2.1430379910948197e-06
1.0,84.33333333333333,4.041451884327381,11391.25,0.0,100.16666666666667,0.2254624876411529,0.5,0.0,3.4138657407407406e-05,2.8848761872908743e-06,6.486671296296297e-05,3.7954884822549555e-06
2.0,81.66666666666667,2.516611478423583,11391.25,0.0,99.3,0.9848857801796057,0.5,0.0,3.355305555555556e-05,3.0101833339023863e-07,0.00011504111111111111,7.874168744095712e-06
3.0,84.16666666666667,1.8929694486000912,11391.25,0.0,100.73333333333333,0.1527525231652015,0.5,0.0,3.516962962962963e-05,3.4511787671711894e-06,0.000162965,7.3188678206876765e-06
4.0,84.0,2.0,11391.25,0.0,99.68333333333334,0.07637626158260075,0.5166666666666667,0.028867513459481315,3.40249537037037e-05,4.78501783946754e-06,0.00021224981481481482,7.69220902813428e-06
5.0,82.33333333333333,2.516611478423583,11391.25,0.0,99.73333333333333,0.40414518843273967,0.5,0.0,3.6017037037037036e-05,2.5508024235748323e-06,0.0002522799074074074,2.418235351879173e-06
6.0,83.66666666666667,1.2583057392117918,11391.25,0.0,100.03333333333333,0.29297326385411526,0.55,0.0,3.5834583333333334e-05,8.057900041972477e-07,0.0003060093981481482,2.3924676251620816e-06
7.0,84.66666666666667,5.8594652770823155,11391.25,0.0,100.43333333333334,0.4725815626252555,0.5,0.0,3.680648148148148e-05,2.399127643883522e-06,0.00036075555555555554,3.490185887723499e-06
8.0,83.83333333333333,6.006940430313366,11391.25,0.0,99.53333333333333,0.4725815626252636,0.5166666666666667,0.028867513459481315,3.3603055555555555e-05,4.693920845224657e-06,0.000399950462962963,7.139219930355981e-06
9.0,83.0,1.3228756555322954,11391.25,0.0,100.15,0.409267638593621,0.5,0.0,3.664833333333333e-05,1.5898941252408328e-06,0.0004524713888888889,5.6364240986968336e-06
10.0,85.33333333333333,1.1547005383792515,11391.25,0.0,100.06666666666666,0.814452781524707,0.5,0.0,3.539592592592593e-05,2.12783663853409e-06,0.0004997906481481482,6.666873360993313e-06
11.0,83.16666666666667,1.2583057392117918,11391.25,0.0,100.1,0.45825756949558744,0.5,0.0,3.644203703703703e-05,2.8363628728898247e-06,0.0005420577777777778,4.248970636053998e-06
12.0,83.66666666666667,4.041451884327381,11391.25,0.0,100.15,0.3500000000000014,0.5166666666666667,0.028867513459481315,3.3232037037037035e-05,3.3364057869364266e-06,0.0005939820833333333,6.421872321723073e-06
13.0,82.83333333333333,1.6072751268321592,11391.25,0.0,99.73333333333333,0.2081665999466151,0.5,0.0,3.550412037037037e-05,5.045625684501052e-06,0.000643370462962963,7.220394054585847e-06
14.0,86.83333333333333,3.8837267325770144,11391.25,0.0,100.05,0.22912878474779294,0.5166666666666667,0.028867513459481315,3.4724953703703706e-05,4.4416639790775485e-06,0.0006953340277777777,4.398908129027433e-06
15.0,85.66666666666667,4.041451884327381,11391.25,0.0,100.53333333333333,1.8175074506954105,0.6,0.17320508075688776,3.0795185185185185e-05,5.513800071586191e-06,0.0007366861111111112,7.199849556898767e-06
16.0,84.0,0.5,11391.25,0.0,99.95,0.4582575694955812,0.5333333333333333,0.028867513459481315,3.6379305555555554e-05,3.422049734109112e-07,0.000791037824074074,6.725624033551759e-06
17.0,80.33333333333333,1.1547005383792515,11391.25,0.0,100.16666666666667,0.7371114795832004,0.5,0.0,3.386462962962963e-05,8.71416486180307e-07,0.0008433093518518519,6.974609663916141e-06
18.0,84.33333333333333,1.8929694486000912,11391.25,0.0,100.48333333333333,0.5751811308912422,0.5,0.0,3.500560185185185e-05,3.825890853687713e-06,0.000891015462962963,1.907808563083413e-06
19.0,85.33333333333333,2.516611478423583,11391.25,0.0,99.6,0.4582575694955859,0.5166666666666667,0.028867513459481315,3.2642638888888886e-05,7.685686922348854e-06,0.0009389063425925926,1.0425989261924347e-05
20.0,84.5,3.122498999199199,11391.25,0.0,100.21666666666667,0.30138568866708243,0.5,0.0,3.482814814814815e-05,1.185980650297745e-06,0.0009858060648148149,9.487807777272217e-06
21.0,82.5,3.122498999199199,11391.25,0.0,99.83333333333334,0.1154700538379268,0.5,0.0,3.506305555555555e-05,1.2359348501048522e-06,0.0010336950925925927,2.6421851099704198e-06
22.0,83.16666666666667,3.0138568866708537,11391.25,0.0,100.26666666666667,0.5507570547286116,0.5,0.0,3.5913796296296296e-05,1.1812469897843062e-06,0.0010882182407407407,1.7541238961385993e-06
23.0,86.0,3.4641016151377544,11391.25,0.0,99.9,1.3527749258468695,0.5,0.0,3.376277777777778e-05,8.061862263035022e-06,0.0011334028703703703,7.542885420928135e-06
24.0,84.16666666666667,1.7559422921421233,11391.25,0.0,99.6,1.0535653752852714,0.5,0.0,3.552777777777778e-05,1.1583885628320043e-06,0.001180290462962963,5.095730311360965e-06
25.0,83.0,2.6457513110645907,11391.25,0.0,100.18333333333334,0.7112196097783959,0.5166666666666667,0.028867513459481315,3.467893518518519e-05,1.817727701177371e-06,0.0012335332870370371,4.296067067889192e-06
26.0,80.33333333333333,2.309401076758503,11391.25,0.0,100.73333333333333,0.8962886439832484,0.5,0.0,3.543638888888889e-05,2.3498516501638538e-06,0.0012753822222222224,7.996889041147142e-06
27.0,84.33333333333333,1.5275252316519468,11391.25,0.0,99.83333333333334,0.5507570547286077,0.5,0.0,3.432143518518518e-05,4.871215538685523e-06,0.0013217439814814816,9.525084282109944e-07
28.0,82.0,1.7320508075688772,11391.25,0.0,100.3,0.6928203230275444,0.5,0.0,3.757074074074074e-05,1.0763294368288755e-06,0.0013745832870370371,2.5325803672567096e-06
29.0,84.66666666666667,2.8867513459481287,11391.25,0.0,100.23333333333333,0.945163125250519,0.5166666666666667,0.028867513459481315,3.439074074074074e-05,7.251484167654558e-07,0.0014211794907407406,9.098348090142063e-06
30.0,84.16666666666667,4.645786621588784,11391.25,0.0,100.3,0.6244997998398418,0.5,0.0,3.636962962962963e-05,2.140715333695189e-06,0.0014697914351851852,8.810847470412016e-06
31.0,80.16666666666667,2.9297326385411573,11391.25,0.0,99.89999999999999,0.6557438524301985,0.5,0.0,3.4831296296296295e-05,8.822287963884161e-07,0.0015167071296296297,2.762075121414369e-06
32.0,86.33333333333333,3.214550253664318,11391.25,0.0,100.43333333333334,0.6806859285554059,0.5,0.0,3.747175925925926e-05,1.7422195944330106e-06,0.0015660747222222223,8.143832339246249e-06
33.0,84.0,2.6457513110645907,11391.25,0.0,100.05,0.4444097208657758,0.5,0.0,3.6038564814814815e-05,1.8329578757656342e-06,0.00161314375,8.3015508937497e-06
34.0,83.33333333333333,0.5773502691896257,11391.25,0.0,99.25,0.9124143795447301,0.5166666666666667,0.028867513459481315,3.482949074074074e-05,1.652206544219989e-06,0.001660183425925926,3.1969491428571114e-06
35.0,82.16666666666667,2.0207259421636903,11391.25,0.0,100.4,0.781024967590662,0.5166666666666667,0.028867513459481315,3.643134259259259e-05,2.979949574457019e-06,0.0017095314351851852,6.917095600172314e-06
36.0,81.83333333333333,3.3291640592396963,11391.25,0.0,100.23333333333333,0.5773502691896257,0.5166666666666667,0.028867513459481315,3.5241574074074075e-05,7.609218937207804e-07,0.001762778240740741,8.052512865661564e-06
37.0,86.33333333333333,4.725815626252608,11391.25,0.0,100.3,0.6928203230275444,0.5,0.0,3.7032962962962964e-05,2.050855161391004e-06,0.0018111555555555556,8.957727787457714e-06
38.0,83.83333333333333,3.617089069035117,11391.25,0.0,100.08333333333333,0.8836477427874329,0.5,0.0,3.670162037037037e-05,1.3992001982209862e-06,0.0018590505555555554,2.851253555266199e-06
39.0,83.66666666666667,2.0816659994661326,11391.25,0.0,100.14999999999999,0.3968626966596875,0.5,0.0,3.4465601851851853e-05,1.1671179710217343e-06,0.0019118703703703704,3.5982050602139036e-06
40.0,82.66666666666667,2.309401076758503,11391.25,0.0,100.26666666666667,0.7371114795831951,0.5,0.0,3.570601851851852e-05,2.6358333821227706e-06,0.0019538596296296297,9.209439812579217e-06
41.0,81.66666666666667,2.516611478423583,11391.25,0.0,100.05,0.3968626966596875,0.5,0.0,3.640027777777777e-05,2.2091870598203714e-06,0.0020023389814814814,3.2421977997628483e-06
42.0,86.33333333333333,3.511884584284246,11391.25,0.0,99.63333333333333,0.4041451884327444,0.5,0.0,3.7260092592592596e-05,2.0905650473205057e-06,0.0020567466203703704,2.8661779714172366e-06
43.0,84.0,4.358898943540674,11391.25,0.0,100.76666666666667,0.8504900548115409,0.5,0.0,3.5301388888888885e-05,2.5672538259373822e-06,0.002097876851851852,1.1833948048500232e-05
44.0,83.33333333333333,2.254624876411447,11391.25,0.0,99.85,0.13228756555323007,0.5,0.0,3.361814814814815e-05,2.9152517743180635e-06,0.0021435817129629633,5.076609533761682e-06
45.0,82.33333333333333,3.055050463303893,11391.25,0.0,100.11666666666666,0.4193248541803012,0.55,0.04999999999999999,3.2929583333333334e-05,3.939595976045677e-06,0.0021973022685185186,5.818206452005122e-06
46.0,83.0,3.4641016151377544,11391.25,0.0,100.7,0.8717797887081308,0.5,0.0,3.7148703703703704e-05,1.8878080308979094e-06,0.002245745925925926,6.996387793378994e-06
47.0,86.16666666666667,3.7527767497325675,11391.25,0.0,99.95,0.08660254037843894,0.5,0.0,3.654643518518519e-05,1.972660486972387e-06,0.00228789837962963,6.215462654502121e-06
48.0,84.5,3.122498999199199,11391.25,0.0,99.88333333333334,0.5204164998665355,0.5,0.0,3.5944907407407406e-05,9.118049667144318e-07,0.0023417703240740744,5.884521409020113e-06
49.0,80.33333333333333,3.214550253664318,11391.25,0.0,99.36666666666667,0.7571877794400391,0.5,0.0,3.4244907407407405e-05,4.566727775116069e-07,0.0023888584259259263,7.82394261942995e-06
50.0,83.66666666666667,2.309401076758503,11391.25,0.0,100.5,0.6557438524301985,0.5,0.0,3.6136388888888886e-05,1.5134847574756449e-06,0.0024313653703703702,4.952632969258454e-06
51.0,82.5,1.3228756555322954,11391.25,0.0,99.93333333333334,0.23629078131263304,0.5,0.0,3.711412037037037e-05,1.7923347824777106e-06,0.0024860548148148147,6.5197453599736715e-06
52.0,86.33333333333333,0.5773502691896257,11391.25,0.0,100.26666666666667,0.6350852961085851,0.5333333333333333,0.05773502691896257,3.548777777777778e-05,1.98631407276871e-06,0.0025336023148148147,7.551042695011045e-06
53.0,83.5,0.5,11391.25,0.0,100.11666666666666,0.4856267428111235,0.5,0.0,3.570467592592593e-05,1.63230199589805e-06,0.002580939074074074,5.8975916209701676e-06
54.0,80.83333333333333,2.753785273643051,11391.25,0.0,99.5,0.6999999999999977,0.5,0.0,3.482555555555556e-05,2.0671525526496414e-06,0.00263509375,4.65386190313296e-06
55.0,83.0,3.4641016151377544,11391.25,0.0,100.76666666666667,0.37859388972002117,0.5333333333333333,0.05773502691896257,3.683425925925926e-05,2.3269380667436987e-06,0.0026777862962962962,6.38073855934764e-06
56.0,83.0,0.5,11391.25,0.0,99.65,0.3122498999199238,0.5,0.0,3.556226851851852e-05,7.414310166277749e-07,0.002731028842592593,7.913212745984136e-06
57.0,86.66666666666667,3.055050463303893,11391.25,0.0,100.4,0.871779788708139,0.5,0.0,3.722157407407407e-05,2.5279034207683877e-06,0.0027861324074074075,7.823382846410215e-06
58.0,82.66666666666667,5.033222956847166,11391.25,0.0,100.11666666666666,0.8311638426527814,0.5,0.0,3.5181342592592595e-05,7.290454969869536e-07,0.0028268872222222225,6.25836656671127e-06
59.0,84.5,0.5,11391.25,0.0,100.33333333333333,0.9251126057585326,0.5,0.0,3.5559583333333334e-05,1.3161882115332192e-06,0.0028811012962962966,5.008480341816059e-06
60.0,82.0,2.6457513110645907,11391.25,0.0,100.63333333333334,0.5859465277082277,0.5,0.0,3.531842592592593e-05,2.363964115093241e-06,0.002928385925925926,7.751256495779002e-06
61.0,83.33333333333333,1.2583057392117918,11391.25,0.0,99.96666666666667,0.10408329997331438,0.5,0.0,3.435296296296296e-05,5.09067166380657e-06,0.002973096990740741,1.9723250282930034e-06
62.0,83.16666666666667,1.6072751268321592,11391.25,0.0,99.23333333333333,0.6027713773341723,0.5,0.0,3.73237962962963e-05,2.2713985252016138e-06,0.0030272864814814815,2.3810157945710307e-06
63.0,86.66666666666667,1.5275252316519468,11391.25,0.0,101.3,0.3605551275463942,0.5,0.0,3.572277777777778e-05,2.4450321105468e-06,0.003068850277777778,1.1126709994810357e-05
64.0,82.5,3.0413812651491097,11391.25,0.0,99.85,0.1802775637731971,0.5,0.0,3.565601851851852e-05,1.9322738622686415e-06,0.003116185,2.080537823504644e-06
65.0,81.66666666666667,4.041451884327381,11391.25,0.0,100.38333333333333,0.621154838452805,0.55,0.04999999999999999,3.455810185185185e-05,1.4668514872852764e-06,0.0031699525462962966,1.6186756461623167e-06
66.0,82.33333333333333,4.163331998932265,11391.25,0.0,99.6,0.9539392014169451,0.5,0.0,3.7228611111111114e-05,1.9257457269687165e-06,0.003212888703703704,8.588162900237012e-06
67.0,84.83333333333333,4.481443219916251,11391.25,0.0,100.1,0.10000000000000142,0.5,0.0,3.655986111111111e-05,1.93009601345166e-06,0.0032608287962962966,1.6469233048839101e-06
68.0,84.5,2.598076211353316,11391.25,0.0,100.39999999999999,0.6082762530298201,0.5,0.0,3.628532407407407e-05,1.9057354058172917e-06,0.0033150036111111113,2.7470182066705446e-06
69.0,82.0,2.6457513110645907,11391.25,0.0,99.46666666666667,0.6806859285554034,0.5,0.0,3.434074074074074e-05,6.976443129909115e-07,0.0033557330555555554,1.0189730900169654e-05
70.0,83.5,2.5,11391.25,0.0,100.56666666666666,0.6825198409814457,0.5,0.0,3.598768518518519e-05,9.080337419346075e-07,0.003404651388888889,3.10561757044096e-06
71.0,82.83333333333333,3.547299442298794,11391.25,0.0,99.78333333333333,0.3883726732577032,0.5,0.0,3.637712962962963e-05,1.5923290345011062e-06,0.0034588516203703703,1.3916590175924477e-06
72.0,86.33333333333333,2.516611478423583,11391.25,0.0,100.46666666666667,0.8144527815247102,0.5,0.0,3.6839074074074075e-05,2.4195712164346747e-06,0.0035012960185185184,1.0566003186075974e-05
73.0,83.0,2.0,11391.25,0.0,99.73333333333333,0.980221063502175,0.5,0.0,3.5915787037037034e-05,1.548417192226672e-06,0.0035493528703703704,2.335709344719105e-06
74.0,83.16666666666667,4.645786621588784,11391.25,0.0,100.0,0.0,0.5,0.0,3.5252314814814815e-05,1.4760761488910742e-06,0.0036028272222222222,2.7750729469892327e-06
75.0,81.83333333333333,1.6072751268321592,11391.25,0.0,99.91666666666667,0.27537852736430923,0.5,0.0,3.530226851851852e-05,1.5134144920146325e-06,0.003656681851851852,2.9138735777502102e-06
76.0,82.83333333333333,1.6072751268321592,11391.25,0.0,100.58333333333333,0.5530220007678996,0.5,0.0,3.6264583333333335e-05,2.6195346138893056e-06,0.0037113118055555555,1.4593534725596372e-06
77.0,84.0,3.0,11391.25,0.0,99.93333333333334,0.1527525231651922,0.5,0.0,3.612240740740741e-05,2.317156228803557e-06,0.0037531384259259257,8.363746171764438e-06
78.0,85.16666666666667,2.4664414311581235,11391.25,0.0,99.55,0.7466592261533991,0.5,0.0,3.680490740740741e-05,1.979344896133512e-06,0.0038015806018518515,1.930080778616726e-06
79.0,83.83333333333333,4.645786621588784,11391.25,0.0,100.23333333333333,1.3613718571108069,0.5,0.0,3.593097222222222e-05,2.3994459035973548e-06,0.003855377361111111,3.6274055795330385e-06
80.0,83.33333333333333,1.5275252316519468,11391.25,0.0,100.46666666666667,0.7234178138070233,0.5333333333333333,0.05773502691896257,3.535592592592593e-05,2.4871557757568488e-06,0.0038970971296296295,8.597848892674309e-06
81.0,81.83333333333333,2.565800719723442,11391.25,0.0,99.96666666666667,0.15275252316519375,0.5,0.0,3.547407407407408e-05,1.1903933265362949e-06,0.003944745972222222,4.119759018576746e-06
82.0,83.5,5.07444578254611,11391.25,0.0,99.98333333333333,0.10408329997330072,0.5,0.0,3.6671944444444446e-05,1.9226989012361832e-06,0.003999497685185185,2.133570811676626e-06
83.0,82.33333333333333,4.041451884327381,11391.25,0.0,100.06666666666666,0.05773502691895929,0.5333333333333333,0.05773502691896257,3.686268518518518e-05,2.4323333868391705e-06,0.004041982592592593,9.966821217421238e-06
84.0,84.0,1.0,11391.25,0.0,100.05,0.13228756555323007,0.5,0.0,3.541916666666667e-05,1.1244387059992995e-06,0.004089356296296296,3.4529469134105266e-06
85.0,84.5,3.5,11391.25,0.0,100.0,0.09999999999999432,0.55,0.04999999999999999,3.685953703703704e-05,2.086830145599866e-06,0.004144140648148148,3.1286704904900358e-06
86.0,81.33333333333333,4.041451884327381,11391.25,0.0,100.06666666666666,0.05773502691895929,0.5,0.0,3.440037037037037e-05,7.18677214958432e-07,0.004184997685185185,8.274055027602423e-06
87.0,84.5,2.179449471770337,11391.25,0.0,100.25,0.22912878474779294,0.5,0.0,3.69962962962963e-05,1.2248995402664051e-06,0.004234214953703704,2.877894632217149e-06
88.0,81.0,1.0,11391.25,0.0,99.46666666666667,0.8386497083606098,0.5,0.0,3.5723055555555555e-05,2.9322510761285074e-06,0.004287655555555556,4.9433682739575694e-06
89.0,87.33333333333333,2.516611478423583,11391.25,0.0,100.46666666666667,0.7234178138070233,0.6,0.17320508075688776,3.7281111111111113e-05,2.2515633114969273e-06,0.004330799166666667,8.963936116151372e-06
90.0,81.5,0.5,11391.25,0.0,99.6,0.61441028637222,0.6166666666666667,0.16072751268321595,3.493351851851852e-05,1.5773556527287916e-06,0.004377268194444445,4.22368685077581e-06
91.0,84.66666666666667,4.041451884327381,11391.25,0.0,99.96666666666667,0.23094010767584539,0.5,0.0,3.633652777777778e-05,2.55263576031632e-06,0.0044322756018518525,2.4459606895238187e-06
92.0,80.33333333333333,2.309401076758503,11391.25,0.0,100.46666666666667,0.7234178138070233,0.5,0.0,3.603537037037037e-05,2.7230739077743814e-06,0.004474056851851853,8.411837477503788e-06
93.0,83.66666666666667,0.28867513459481287,11391.25,0.0,100.05,0.13228756555323007,0.5,0.0,3.5601296296296296e-05,6.308590546723853e-07,0.004528187546296298,8.72559900170352e-06
94.0,84.66666666666667,3.7859388972001824,11391.25,0.0,100.46666666666667,0.8962886439832484,0.5,0.0,3.887518518518518e-05,4.472690049144946e-07,0.004584134629629631,8.621404503452094e-06
95.0,85.5,3.5,11391.25,0.0,99.53333333333333,1.0408329997330585,0.5333333333333333,0.05773502691896257,3.5393194444444444e-05,7.61499052085529e-07,0.004625129444444445,1.215861903746257e-05
96.0,84.83333333333333,1.8929694486000912,11391.25,0.0,100.26666666666667,0.3329164059239753,0.5166666666666667,0.028867513459481315,3.603513888888889e-05,1.1014317369415028e-06,0.004679294537037038,1.2189516092610767e-05
97.0,80.66666666666667,2.309401076758503,11391.25,0.0,100.0,0.0,0.5333333333333333,0.05773502691896257,3.410027777777778e-05,7.45964503259676e-07,0.004726200740740741,8.645429626154506e-06
98.0,82.5,2.179449471770337,11391.25,0.0,99.76666666666667,0.2753785273643058,0.5166666666666667,0.028867513459481315,3.730180555555556e-05,1.604366022966126e-06,0.0047763776851851856,2.899100226705104e-06
99.0,82.0,2.6457513110645907,11391.25,0.0,100.01666666666667,0.028867513459479646,0.5,0.0,3.633171296296296e-05,2.36010117425638e-06,0.004829894537037038,4.995694151624789e-06
100.0,87.0,1.0,11391.25,0.0,100.03333333333333,0.05773502691895929,0.5666666666666667,0.11547005383792514,3.7182777777777775e-05,2.0971095076407055e-06,0.00487291388888889,9.028679664352884e-06
101.0,82.83333333333333,1.0408329997330665,11391.25,0.0,100.23333333333333,0.4163331998932268,0.5,0.0,3.5433703703703704e-05,1.5257477000601017e-06,0.004919736527777779,4.121733810257275e-06
102.0,84.66666666666667,2.309401076758503,11391.25,0.0,100.68333333333334,0.6525590650150618,0.5,0.0,3.498782407407407e-05,1.6606199706692666e-06,0.004974027824074075,2.91992108889562e-06
103.0,79.33333333333333,1.5275252316519468,11391.25,0.0,99.06666666666666,0.7234178138070279,0.5,0.0,3.637407407407407e-05,2.3066542953086514e-06,0.005016201944444446,9.265096618759633e-06
104.0,85.66666666666667,3.055050463303893,11391.25,0.0,99.78333333333333,0.3883726732577032,0.5,0.0,3.646162037037037e-05,1.8371464151978987e-06,0.00506490013888889,3.2662235414909487e-06
105.0,83.33333333333333,2.516611478423583,11391.25,0.0,100.96666666666667,0.8386497083606098,0.55,0.04999999999999999,3.771157407407408e-05,1.083612155477199e-06,0.005119655416666668,4.031480221198142e-06
106.0,84.33333333333333,3.055050463303893,11391.25,0.0,100.06666666666666,1.3503086067019408,0.5,0.0,3.428972222222222e-05,5.530471844893576e-07,0.005160463425925927,1.007373631267677e-05
107.0,83.0,3.605551275463989,11391.25,0.0,100.28333333333333,0.36170890690350754,0.5,0.0,3.625231481481481e-05,1.1085995253763238e-06,0.005209070092592593,4.6071001827195e-06
108.0,80.5,2.598076211353316,11391.25,0.0,99.58333333333334,0.7653975002136707,0.5,0.0,3.4813287037037036e-05,1.2488570726514426e-06,0.00526251550925926,3.835624230740865e-06
109.0,86.0,2.6457513110645907,11391.25,0.0,100.46666666666667,0.7234178138070233,0.5,0.0,3.8575462962962965e-05,3.8675170015400866e-07,0.0053067049074074085,1.0105662651123937e-05
110.0,82.16666666666667,1.2583057392117918,11391.25,0.0,99.81666666666666,0.3685557397915948,0.5333333333333333,0.05773502691896257,3.5322824074074074e-05,9.360638828892999e-07,0.005359182916666668,1.0237136859694371e-05
111.0,88.66666666666667,1.5275252316519468,11391.25,0.0,100.39999999999999,0.7937253933193777,0.5,0.0,3.71637037037037e-05,2.156519997111638e-06,0.00541451425925926,1.0164043033257313e-05
112.0,81.16666666666667,1.0408329997330665,11391.25,0.0,99.51666666666667,0.8808140174482533,0.5,0.0,3.4631990740740744e-05,1.7219693493416237e-06,0.00545495263888889,1.4232731789292348e-05
113.0,83.0,0.8660254037844386,11391.25,0.0,100.21666666666667,0.37527767497326003,0.5,0.0,3.55874537037037e-05,1.6713380387472124e-06,0.005509816250000001,1.3570698499852906e-05
114.0,81.33333333333333,2.516611478423583,11391.25,0.0,100.1,0.10000000000000142,0.5,0.0,3.62487037037037e-05,2.300688140705273e-06,0.005557537685185186,1.0926899382639674e-05
115.0,83.83333333333333,1.0408329997330665,11391.25,0.0,100.0,0.04999999999999716,0.5,0.0,3.649435185185185e-05,1.7747439463491295e-06,0.005606284953703705,4.378971196638554e-06
116.0,86.16666666666667,3.3291640592396963,11391.25,0.0,99.73333333333333,0.37859388972002117,0.5166666666666667,0.028867513459481315,3.7575787037037035e-05,9.82199934675705e-07,0.005660943842592594,4.949932141815563e-06
117.0,84.66666666666667,3.055050463303893,11391.25,0.0,100.93333333333334,0.8082903768654793,0.5,0.0,3.420240740740741e-05,5.397423320246658e-07,0.0057016658333333345,1.1852679259675531e-05
118.0,82.0,2.598076211353316,11391.25,0.0,100.2,1.0965856099730682,0.5,0.0,3.631185185185185e-05,1.2630375210492339e-06,0.005751020000000002,4.859198044194026e-06
119.0,81.16666666666667,3.7527767497325675,11391.25,0.0,99.41666666666667,0.7522189397597842,0.5666666666666667,0.11547005383792514,3.5017916666666666e-05,1.0123294418912004e-06,0.005804089074074076,4.836684584777846e-06
120.0,83.33333333333333,2.0816659994661326,11391.25,0.0,100.4,0.781024967590662,0.5,0.0,3.843685185185185e-05,5.194536788642452e-07,0.005848154722222223,1.1615935295007609e-05
121.0,84.0,2.598076211353316,11391.25,0.0,100.06666666666666,0.028867513459479646,0.5,0.0,3.592092592592593e-05,9.342355235027662e-07,0.005895334953703705,4.974203846147516e-06
122.0,86.0,3.4641016151377544,11391.25,0.0,100.98333333333333,0.8098353742170926,0.5,0.0,3.551115740740741e-05,1.0098021932007268e-06,0.005949704537037038,4.7571744496966904e-06
123.0,79.66666666666667,2.0816659994661326,11391.25,0.0,99.56666666666666,0.7505553499465119,0.5,0.0,3.4178055555555555e-05,6.342038972864587e-07,0.005990288333333335,1.1519145727312344e-05
124.0,84.66666666666667,1.4433756729740645,11391.25,0.0,100.0,0.6999999999999957,0.5,0.0,3.7030555555555555e-05,1.7957853392228972e-06,0.006040025185185187,5.567308249809676e-06
125.0,80.83333333333333,2.362907813126304,11391.25,0.0,100.0,1.4000000000000057,0.5333333333333333,0.05773502691896257,3.7721990740740736e-05,2.468473407436297e-06,0.006094849861111112,5.448908053693938e-06
126.0,88.33333333333333,1.1547005383792515,11391.25,0.0,100.5,0.7810249675906702,0.5,0.0,3.610212962962963e-05,1.959490641749246e-06,0.006136764537037038,1.2022715820677153e-05
127.0,82.16666666666667,0.7637626158259734,11391.25,0.0,99.6,0.781024967590662,0.5,0.0,3.547949074074074e-05,1.4968635826733652e-06,0.006183716527777779,5.693337492340424e-06
128.0,82.83333333333333,0.7637626158259734,11391.25,0.0,100.5,0.7810249675906702,0.5,0.0,3.487425925925926e-05,1.810105215151231e-06,0.006237854953703705,5.87674713700462e-06
129.0,81.0,2.0,11391.25,0.0,99.56666666666666,0.8386497083606098,0.5,0.0,3.7708148148148147e-05,2.4461814745812208e-06,0.006281361203703705,1.0723124682565407e-05
130.0,83.33333333333333,0.28867513459481287,11391.25,0.0,99.80000000000001,0.4330127018922275,0.5,0.0,3.515981481481481e-05,7.727914859862013e-07,0.006334566574074075,1.2233022457744524e-05
131.0,86.0,2.6457513110645907,11391.25,0.0,100.96666666666667,0.8386497083606098,0.5,0.0,3.8520092592592594e-05,6.105787032649088e-07,0.006390200925925927,1.2711302629232133e-05
132.0,84.33333333333333,3.511884584284246,11391.25,0.0,100.01666666666667,0.07637626158259299,0.5,0.0,3.505814814814815e-05,1.1991528752885343e-06,0.006430868750000001,1.6660259612818093e-05
133.0,85.0,1.7320508075688772,11391.25,0.0,100.0,0.05000000000001137,0.5,0.0,3.6188935185185184e-05,1.3197270920457068e-06,0.006485919027777778,1.5154336683355421e-05
134.0,80.33333333333333,2.309401076758503,11391.25,0.0,99.63333333333333,0.7234178138070233,0.5,0.0,3.4281944444444444e-05,4.952445928933748e-07,0.006532468518518519,1.2556039532012092e-05
135.0,82.33333333333333,2.0207259421636903,11391.25,0.0,100.2,0.4769696007084703,0.5333333333333333,0.028867513459481315,3.701601851851852e-05,1.7972503987000717e-06,0.006582203935185186,6.231479940736601e-06
136.0,82.33333333333333,1.1547005383792515,11391.25,0.0,100.28333333333333,0.4072263907623551,0.5,0.0,3.7734351851851855e-05,2.4809462385717117e-06,0.006637018287037038,5.814235175645644e-06
137.0,87.0,1.7320508075688772,11391.25,0.0,99.16666666666667,0.7234178138070233,0.5,0.0,3.616055555555555e-05,2.0116122572346754e-06,0.0066789887962962965,1.3131790930807343e-05
138.0,82.16666666666667,1.2583057392117918,11391.25,0.0,100.51666666666667,0.7653975002136747,0.5,0.0,3.5387592592592596e-05,1.4645525149102852e-06,0.006725817962962963,6.248043431915383e-06
139.0,84.16666666666667,1.2583057392117918,11391.25,0.0,99.38333333333333,0.8005206639015262,0.5,0.0,3.495199074074074e-05,1.7763910082372328e-06,0.0067799909722222225,6.685542968232341e-06
140.0,79.0,1.0,11391.25,0.0,101.36666666666667,0.0577350269189675,0.5,0.0,3.6278425925925924e-05,2.3047447090444332e-06,0.0068220822222222225,1.4061242325104627e-05
141.0,85.16666666666667,3.4034296427770228,11391.25,0.0,100.06666666666666,0.028867513459479646,0.5,0.0,3.645819444444444e-05,1.8032249006816295e-06,0.006870778750000001,6.897024839715042e-06
142.0,83.0,2.0,11391.25,0.0,99.75,0.4444097208657782,0.5,0.0,3.7648518518518516e-05,1.0572674106260996e-06,0.006925488472222223,6.911463958312797e-06
143.0,84.33333333333333,2.516611478423583,11391.25,0.0,100.1,1.3999999999999986,0.5,0.0,3.414907407407408e-05,6.428164502275336e-07,0.006966154537037038,1.4700421829143178e-05
144.0,82.83333333333333,3.4034296427770228,11391.25,0.0,100.26666666666667,0.37859388972002117,0.5,0.0,3.6231203703703705e-05,1.1461494709788552e-06,0.007014725555555557,7.728849579199351e-06
145.0,80.5,2.598076211353316,11391.25,0.0,99.6,0.6928203230275526,0.55,0.04999999999999999,3.483763888888889e-05,1.2886456831725532e-06,0.007068229953703704,7.830922575664489e-06
146.0,86.33333333333333,2.516611478423583,11391.25,0.0,100.43333333333334,0.7505553499465119,0.5,0.0,3.856611111111111e-05,4.676604002906386e-07,0.007112437129629631,1.5072890392829371e-05
147.0,82.0,1.0,11391.25,0.0,100.01666666666667,0.05773502691895929,0.5,0.0,3.5288287037037034e-05,9.277474455842294e-07,0.0071648606018518525,1.5427491762751305e-05
148.0,88.33333333333333,1.5275252316519468,11391.25,0.0,99.6,0.8660254037844386,0.5,0.0,3.727712962962963e-05,2.2711151257937256e-06,0.0072202908333333345,1.532523749891496e-05
149.0,81.33333333333333,1.1547005383792515,11391.25,0.0,100.05,1.3500000000000014,0.5,0.0,3.461972222222222e-05,1.674424260735099e-06,0.007260710277777778,1.8944482976906587e-05
150.0,83.0,0.8660254037844386,11391.25,0.0,100.03333333333333,0.05773502691895929,0.5,0.0,3.567773148148148e-05,1.7417640541470973e-06,0.007315695462962964,1.8390689147638646e-05
151.0,80.33333333333333,2.309401076758503,11391.25,0.0,100.53333333333333,0.8386497083606098,0.5,0.0,3.632870370370371e-05,2.3042922297402193e-06,0.007363541944444445,1.6149539617620506e-05
152.0,84.0,0.8660254037844386,11391.25,0.0,99.8,0.3905124837953351,0.5,0.0,3.6415370370370376e-05,1.921538782109862e-06,0.007412161111111111,8.944253089523278e-06
153.0,85.16666666666667,2.753785273643051,11391.25,0.0,100.5,0.7810249675906702,0.5,0.0,3.777546296296296e-05,1.1355898808865867e-06,0.007466946435185185,8.590849220115606e-06
154.0,86.0,2.6457513110645907,11391.25,0.0,100.06666666666666,1.4011899704655788,0.5,0.0,3.432222222222222e-05,5.330939856449933e-07,0.007507786481481481,1.683213045833613e-05
155.0,82.0,2.598076211353316,11391.25,0.0,100.05,0.08660254037844715,0.5,0.0,3.614625e-05,1.1108109403566628e-06,0.007556259722222222,9.28338585911589e-06
156.0,82.16666666666667,3.253203549323856,11391.25,0.0,100.06666666666666,1.3012814197295466,0.5,0.0,3.480541666666667e-05,1.197517276416009e-06,0.00760965162037037,9.583743576497011e-06
157.0,81.66666666666667,2.8867513459481287,11391.25,0.0,99.96666666666667,0.05773502691895929,0.5,0.0,3.8793888888888886e-05,3.649408035880035e-07,0.007654073703703704,1.6815574874473445e-05
158.0,84.0,2.598076211353316,11391.25,0.0,100.06666666666666,0.05773502691895929,0.5,0.0,3.5342962962962965e-05,9.363718143130498e-07,0.007700845694444444,9.626928926280917e-06
159.0,85.0,3.0,11391.25,0.0,99.58333333333333,0.7653975002136665,0.5,0.0,3.662583333333333e-05,1.779761826900957e-06,0.007755612175925926,8.747854408821801e-06
160.0,80.66666666666667,1.5275252316519468,11391.25,0.0,100.0,0.0,0.5,0.0,3.410453703703704e-05,6.192570925777257e-07,0.00779612787037037,1.6955931020882933e-05
161.0,84.66666666666667,1.4433756729740645,11391.25,0.0,100.23333333333333,0.40414518843273967,0.5,0.0,3.736972222222222e-05,1.597435668105157e-06,0.007846398333333332,9.329259144040714e-06
162.0,80.33333333333333,2.516611478423583,11391.25,0.0,99.91666666666667,0.028867513459479646,0.5,0.0,3.629064814814815e-05,2.36119559217054e-06,0.007899912916666666,1.041347645685146e-05
163.0,88.0,1.0,11391.25,0.0,99.66666666666666,0.7505553499465119,0.5,0.0,3.72162962962963e-05,2.173802074205225e-06,0.007942958055555555,1.710531309596733e-05
164.0,82.0,1.0,11391.25,0.0,100.26666666666667,0.4193248541803049,0.5,0.0,3.562296296296296e-05,1.4726427880247828e-06,0.007990003888888889,9.019075370787703e-06
165.0,84.16666666666667,2.565800719723442,11391.25,0.0,100.25,0.3500000000000045,0.5,0.0,3.516203703703704e-05,1.6036322181698203e-06,0.008044561111111112,9.288634212847895e-06
166.0,80.83333333333333,4.0722639076235385,11391.25,0.0,99.41666666666666,0.6525590650150618,0.5,0.0,3.559388888888889e-05,1.182513898595013e-06,0.008092470092592592,2.0495255955764077e-05
167.0,81.83333333333333,2.4664414311581235,11391.25,0.0,100.93333333333334,0.4041451884327438,0.5,0.0,3.563680555555556e-05,7.146403983261449e-07,0.008146700740740741,1.9629241030665504e-05
168.0,85.0,2.6457513110645907,11391.25,0.0,99.13333333333334,0.7505553499465119,0.5,0.0,3.879074074074074e-05,4.005469190521124e-07,0.008196736851851853,1.7281300485676952e-05
169.0,84.33333333333333,3.3291640592396963,11391.25,0.0,100.0,0.05000000000000426,0.5,0.0,3.537921296296296e-05,9.046339927014835e-07,0.008243559953703706,9.901285720471336e-06
170.0,86.5,2.7838821814150108,11391.25,0.0,100.08333333333333,0.028867513459479646,0.5333333333333333,0.05773502691896257,3.654425925925926e-05,1.8435820928636643e-06,0.008298217500000002,8.878142953305428e-06
171.0,80.66666666666667,2.309401076758503,11391.25,0.0,100.03333333333333,0.05773502691895929,0.5,0.0,3.410027777777778e-05,6.193437262413859e-07,0.008338707222222224,1.727467205696912e-05
172.0,82.16666666666667,1.8929694486000912,11391.25,0.0,100.2,0.43588989435406705,0.5,0.0,3.734837962962963e-05,1.5631120426806416e-06,0.008388949212962966,9.498112473234427e-06
173.0,81.33333333333333,2.8867513459481287,11391.25,0.0,100.3,0.43588989435406705,0.5,0.0,3.620407407407407e-05,2.3955913135945245e-06,0.008442364120370374,1.0517253243394043e-05
174.0,86.33333333333333,1.5275252316519468,11391.25,0.0,99.56666666666666,0.7505553499465119,0.5,0.0,3.717083333333333e-05,2.0713159136639506e-06,0.008485334259259262,1.7273719410674833e-05
175.0,82.66666666666667,0.7637626158259734,11391.25,0.0,100.48333333333333,0.7942501704962611,0.5166666666666667,0.028867513459481315,3.551125e-05,1.5338429922406278e-06,0.008532225972222226,9.121664415504485e-06
176.0,85.16666666666667,3.0138568866708537,11391.25,0.0,99.78333333333333,0.37527767497326003,0.5166666666666667,0.028867513459481315,3.5141527777777774e-05,1.6396980053080255e-06,0.008586753842592597,9.363220062400997e-06
177.0,79.33333333333333,1.5275252316519468,11391.25,0.0,100.03333333333333,0.11547005383791858,0.5,0.0,3.619175925925926e-05,2.350774208122087e-06,0.00862874842592593,1.7341972371548574e-05
178.0,85.5,2.5,11391.25,0.0,100.06666666666666,0.05773502691895929,0.5166666666666667,0.028867513459481315,3.6407592592592597e-05,1.8944415543178787e-06,0.008677324768518523,9.776783946032062e-06
179.0,82.16666666666667,2.565800719723442,11391.25,0.0,100.18333333333334,0.4072263907623551,0.5333333333333333,0.05773502691896257,3.791523148148148e-05,1.358476363843481e-06,0.008732295601851856,8.891617771582023e-06
180.0,85.33333333333333,2.8867513459481287,11391.25,0.0,100.5,0.7810249675906702,0.5,0.0,3.441453703703704e-05,5.637430937228088e-07,0.008773209444444449,1.74799653130558e-05
181.0,82.0,3.278719262151,11391.25,0.0,99.15,0.39051248379533143,0.5,0.0,3.6110138888888886e-05,1.1614008726028713e-06,0.008821640601851857,9.376571833592901e-06
182.0,81.16666666666667,2.254624876411447,11391.25,0.0,100.95,0.7794228634059914,0.5,0.0,3.488111111111111e-05,1.186030084403894e-06,0.008875133842592597,9.885035907012286e-06
183.0,84.66666666666667,2.8867513459481287,11391.25,0.0,99.56666666666666,0.7505553499465119,0.5,0.0,3.880111111111111e-05,4.247919788657083e-07,0.008919556481481485,1.74941034385377e-05
184.0,82.66666666666667,1.0408329997330665,11391.25,0.0,100.45,0.4330127018922193,0.5,0.0,3.5298333333333334e-05,9.0315664058804e-07,0.008972067777777782,1.74583174395518e-05
185.0,88.33333333333333,1.1547005383792515,11391.25,0.0,99.2,0.6928203230275526,0.5333333333333333,0.05773502691896257,3.7054537037037034e-05,2.0629082523997352e-06,0.009027207685185189,1.7478250250405174e-05
186.0,81.83333333333333,1.0408329997330665,11391.25,0.0,99.80000000000001,0.9987492177719113,0.5,0.0,3.560097222222222e-05,1.508848803110553e-06,0.00907422578703704,9.019519580080705e-06
187.0,84.16666666666667,2.565800719723442,11391.25,0.0,100.01666666666667,0.028867513459479646,0.5333333333333333,0.05773502691896257,3.514467592592592e-05,1.617925569011793e-06,0.009128781712962965,9.453137927326848e-06
188.0,80.0,2.6457513110645907,11391.25,0.0,100.96666666666667,0.7505553499465201,0.5333333333333333,0.05773502691896257,3.620824074074074e-05,2.3940351759880877e-06,0.009170787500000003,1.756051822437406e-05
189.0,83.83333333333333,1.0408329997330665,11391.25,0.0,99.8,0.3905124837953351,0.5,0.0,3.6371527777777775e-05,1.8162374673507453e-06,0.009219341388888892,9.889241866161713e-06
190.0,84.5,3.0413812651491097,11391.25,0.0,100.03333333333333,1.350308606701941,0.5166666666666667,0.028867513459481315,3.791356481481481e-05,1.3793814614915591e-06,0.009274288750000003,9.001944102651746e-06
191.0,86.0,3.4641016151377544,11391.25,0.0,100.43333333333334,0.7505553499465119,0.5,0.0,3.440722222222222e-05,6.650027847337938e-07,0.009315192777777781,1.765744248840765e-05
192.0,81.66666666666667,3.1754264805429413,11391.25,0.0,100.05,0.04999999999999716,0.5,0.0,3.6054074074074075e-05,1.1160757258000757e-06,0.009363546898148152,9.400353846368754e-06
193.0,82.16666666666667,3.253203549323856,11391.25,0.0,100.05,0.04999999999999716,0.5,0.0,3.4811527777777776e-05,1.2079736613487696e-06,0.009416906157407411,9.960804263348571e-06
194.0,81.66666666666667,2.8867513459481287,11391.25,0.0,99.93333333333334,0.05773502691895929,0.5,0.0,3.877814814814815e-05,4.0607656158452856e-07,0.009461317870370373,1.768549139520419e-05
195.0,84.0,2.598076211353316,11391.25,0.0,100.11666666666666,0.07637626158260075,0.5,0.0,3.528773148148148e-05,8.992014883301886e-07,0.009508004120370374,9.923388859507025e-06
196.0,85.0,3.0,11391.25,0.0,100.05,0.04999999999999716,0.5,0.0,3.6581435185185184e-05,1.7942142758157829e-06,0.0095626825462963,8.98272340437233e-06
197.0,80.66666666666667,1.5275252316519468,11391.25,0.0,100.0,0.0,0.5,0.0,3.4056296296296296e-05,5.61463333711902e-07,0.009603132592592595,1.779375716821536e-05
198.0,84.66666666666667,1.4433756729740645,11391.25,0.0,100.01666666666667,0.028867513459479646,0.5,0.0,3.732490740740741e-05,1.552901209647239e-06,0.00965333990740741,9.65942533525136e-06
199.0,80.83333333333333,2.362907813126304,11391.25,0.0,100.2,1.3228756555322954,0.5,0.0,3.618208333333333e-05,2.3916570968643252e-06,0.009706750694444446,1.0541513350697406e-05
200.0,87.66666666666667,0.5773502691896257,11391.25,0.0,99.63333333333334,1.530795000427341,0.5,0.0,3.7134444444444444e-05,2.1083121613634662e-06,0.009749673981481483,1.7927773108692407e-05
201.0,81.5,0.5,11391.25,0.0,100.0,0.04999999999999716,0.5,0.0,3.642967592592593e-05,4.8716024353456796e-08,0.009803138148148151,1.7921177617061626e-05
202.0,85.33333333333333,2.8867513459481287,11391.25,0.0,100.5,0.7810249675906702,0.5,0.0,3.436981481481481e-05,5.714362410383296e-07,0.00985690314814815,1.8037346695044665e-05
203.0,80.83333333333333,4.0722639076235385,11391.25,0.0,100.55000000000001,0.7399324293474359,0.55,0.04999999999999999,3.549476851851852e-05,1.1678139227984465e-06,0.009898884444444447,2.057151891594692e-05
204.0,81.83333333333333,2.4664414311581235,11391.25,0.0,99.35,0.6499999999999986,0.5,0.0,3.558981481481482e-05,7.596023332853277e-07,0.00995306240740741,1.9788382269550223e-05
205.0,85.0,2.6457513110645907,11391.25,0.0,100.46666666666667,0.8082903768654793,0.5333333333333333,0.05773502691896257,3.876675925925926e-05,3.5650159875896155e-07,0.01000305416666667,1.804750644731692e-05
206.0,84.33333333333333,3.3291640592396963,11391.25,0.0,100.0,0.04999999999999716,0.5,0.0,3.529032407407408e-05,9.432357086693936e-07,0.010049773101851855,1.003874918845598e-05
207.0,86.16666666666667,2.362907813126304,11391.25,0.0,100.3,1.0816653826391944,0.5,0.0,3.646800925925926e-05,1.7728004343091843e-06,0.01010431092592593,9.098066073384657e-06
208.0,81.33333333333333,2.0816659994661326,11391.25,0.0,99.56666666666666,0.7505553499465119,0.5,0.0,3.403074074074074e-05,6.085667571781957e-07,0.010144730462962968,1.8119530891194925e-05
209.0,82.33333333333333,2.0207259421636903,11391.25,0.0,100.38333333333334,0.707695791518739,0.5166666666666667,0.028867513459481315,3.727912037037037e-05,1.5096502227371346e-06,0.010194878009259263,9.879887416039805e-06
210.0,81.33333333333333,2.8867513459481287,11391.25,0.0,100.06666666666666,0.05773502691895929,0.5,0.0,3.6196481481481486e-05,2.4534497370314952e-06,0.010248287083333339,1.0752121513131596e-05
211.0,86.33333333333333,1.5275252316519468,11391.25,0.0,99.56666666666666,0.7505553499465119,0.5,0.0,3.716740740740741e-05,2.020071378562053e-06,0.010291253796296302,1.825706063386337e-05
212.0,82.5,0.8660254037844386,11391.25,0.0,100.71666666666667,0.675154303350974,0.5,0.0,3.548277777777778e-05,1.5628954561294613e-06,0.010338135231481487,9.468210487962326e-06
213.0,85.5,2.5,11391.25,0.0,99.81666666666666,0.4072263907623551,0.5,0.0,3.514467592592593e-05,1.6018920642297919e-06,0.010392643379629635,1.0033080715729556e-05
214.0,79.33333333333333,0.5773502691896257,11391.25,0.0,100.46666666666667,0.8144527815247102,0.5,0.0,3.616046296296296e-05,2.432024148914923e-06,0.010434606388888894,1.829859375499526e-05
215.0,85.33333333333333,2.516611478423583,11391.25,0.0,100.03333333333333,0.05773502691895929,0.5166666666666667,0.028867513459481315,3.625712962962963e-05,1.7316386020016938e-06,0.01048300046296297,1.0450008334743011e-05
216.0,82.16666666666667,2.565800719723442,11391.25,0.0,100.38333333333334,0.707695791518739,0.5166666666666667,0.028867513459481315,3.789106481481481e-05,1.3099611713020122e-06,0.010537929907407413,9.601794634903997e-06
217.0,85.0,2.6457513110645907,11391.25,0.0,100.03333333333333,0.05773502691895929,0.5,0.0,3.440018518518518e-05,4.874359987533293e-07,0.01057883694444445,1.852906922868335e-05
218.0,82.0,3.278719262151,11391.25,0.0,99.85,0.3500000000000045,0.5,0.0,3.6046805555555556e-05,1.1191504387147008e-06,0.01062716532407408,1.013083458083398e-05
219.0,81.16666666666667,2.254624876411447,11391.25,0.0,100.05,0.04999999999999716,0.5,0.0,3.478680555555556e-05,1.1483903539705455e-06,0.01068051805555556,1.072797685239955e-05
220.0,83.83333333333333,1.4433756729740645,11391.25,0.0,99.56666666666666,0.7505553499465119,0.5,0.0,3.791592592592593e-05,1.6462108646541464e-06,0.010730414953703709,2.0109967735458124e-05
221.0,82.16666666666667,1.8929694486000912,11391.25,0.0,99.98333333333333,0.07637626158259919,0.5,0.0,3.607337962962963e-05,2.4809702136209708e-06,0.010783661018518523,2.098952263814804e-05
222.0,87.66666666666667,0.5773502691896257,11391.25,0.0,100.53333333333333,0.7505553499465201,0.5333333333333333,0.05773502691896257,3.700805555555555e-05,1.9914901324211635e-06,0.01083221444444445,1.7931159816391124e-05
223.0,82.0,1.0,11391.25,0.0,99.56666666666666,0.752218939759782,0.5,0.0,3.5533101851851856e-05,1.5066691014026275e-06,0.010879141342592599,9.449580809514179e-06
224.0,84.16666666666667,2.565800719723442,11391.25,0.0,100.68333333333334,0.7005949852327928,0.5166666666666667,0.028867513459481315,3.509824074074074e-05,1.6082136861400207e-06,0.010933617175925931,9.914226476081504e-06
225.0,80.0,2.6457513110645907,11391.25,0.0,100.1,0.10000000000000142,0.5,0.0,3.617601851851852e-05,2.4841516383143597e-06,0.010975583981481489,1.8013120865859888e-05
226.0,83.83333333333333,1.0408329997330665,11391.25,0.0,99.8,0.3905124837953351,0.5166666666666667,0.028867513459481315,3.6352407407407405e-05,1.8418396115238102e-06,0.011024103101851859,1.0405906856139877e-05
227.0,84.5,3.0413812651491097,11391.25,0.0,100.48333333333333,0.7942501704962611,0.5,0.0,3.7871620370370374e-05,1.3537830677006584e-06,0.011078985509259264,9.499260400396218e-06
228.0,86.33333333333333,2.8867513459481287,11391.25,0.0,99.56666666666666,0.7505553499465119,0.5,0.0,3.448620370370371e-05,5.747657422256609e-07,0.01111998083333334,1.820349936680839e-05
229.0,81.83333333333333,2.4664414311581235,11391.25,0.0,100.05,0.04999999999999716,0.5,0.0,3.601259259259259e-05,1.1780583501412206e-06,0.011168285648148155,1.0034411488202716e-05
230.0,81.66666666666667,3.511884584284246,11391.25,0.0,100.46666666666667,0.7234178138070233,0.5,0.0,3.470203703703703e-05,1.2752787861915885e-06,0.011221530277777784,1.069574509045818e-05
231.0,81.66666666666667,2.8867513459481287,11391.25,0.0,100.0,1.2999999999999972,0.5,0.0,3.865888888888889e-05,3.5028064145450235e-07,0.011265797407407414,1.8468562591394403e-05
232.0,84.0,2.598076211353316,11391.25,0.0,100.03333333333333,0.05773502691895929,0.5,0.0,3.51987037037037e-05,9.608301445183861e-07,0.011312352175925933,1.1105740620792977e-05
233.0,85.0,3.0,11391.25,0.0,100.25,1.0476163419878537,0.5,0.0,3.64312037037037e-05,1.6258035129612661e-06,0.011366827916666674,1.0400635453822761e-05
234.0,80.66666666666667,1.5275252316519468,11391.25,0.0,100.46666666666667,0.8082903768654793,0.5,0.0,3.402814814814815e-05,6.08915648067044e-07,0.011407251203703712,1.8946003345626816e-05
235.0,84.66666666666667,1.4433756729740645,11391.25,0.0,99.58333333333333,0.7653975002136665,0.5166666666666667,0.028867513459481315,3.728601851851852e-05,1.5440696758363739e-06,0.011457422129629639,1.104028746306845e-05
236.0,80.83333333333333,2.362907813126304,11391.25,0.0,100.66666666666666,0.5507570547286141,0.5166666666666667,0.028867513459481315,3.617486111111111e-05,2.4235453946837024e-06,0.01151078671296297,1.1959913887942732e-05
237.0,87.66666666666667,0.5773502691896257,11391.25,0.0,99.2,0.781024967590662,0.5,0.0,3.712814814814815e-05,2.1021072307736337e-06,0.01155370722222223,1.901599493043438e-05
238.0,81.5,0.5,11391.25,0.0,99.98333333333333,0.05773502691896339,0.5,0.0,3.640611111111111e-05,1.0990877249612695e-07,0.011607143935185195,1.9135359981633016e-05
239.0,85.33333333333333,2.8867513459481287,11391.25,0.0,100.1,1.3000000000000043,0.5,0.0,3.439740740740741e-05,6.109931914851037e-07,0.01166091685185186,1.918728441454471e-05
240.0,80.83333333333333,4.0722639076235385,11391.25,0.0,100.53333333333333,0.8386497083606098,0.5,0.0,3.550675925925926e-05,1.2104939920266088e-06,0.011702934722222232,2.2123924300766518e-05
241.0,81.83333333333333,2.4664414311581235,11391.25,0.0,99.81666666666666,0.4072263907623551,0.5,0.0,3.5601435185185184e-05,7.803661832030061e-07,0.011757130694444454,2.1307319150080395e-05
242.0,84.66666666666667,2.8867513459481287,11391.25,0.0,100.46666666666667,0.8082903768654793,0.5,0.0,3.877425925925926e-05,4.6774679342268247e-07,0.011807135185185195,1.9208624705213597e-05
243.0,84.16666666666667,3.4034296427770228,11391.25,0.0,99.76666666666667,0.36170890690351576,0.5,0.0,3.530208333333333e-05,9.426597618958431e-07,0.011853861342592602,1.1534837768111558e-05
244.0,86.16666666666667,2.362907813126304,11391.25,0.0,100.08333333333333,0.028867513459479646,0.5,0.0,3.649166666666667e-05,1.7879944494417672e-06,0.011908443888888898,1.0615562315373993e-05
245.0,81.33333333333333,2.0816659994661326,11391.25,0.0,100.5,0.7810249675906702,0.5333333333333333,0.05773502691896257,3.4104074074074075e-05,5.487831891404162e-07,0.011948939907407417,1.9306488331447136e-05
246.0,82.33333333333333,2.0207259421636903,11391.25,0.0,99.73333333333333,0.3329164059239753,0.5,0.0,3.730527777777778e-05,1.5305597902744406e-06,0.011999133287037046,1.1316776765006491e-05
247.0,81.33333333333333,2.8867513459481287,11391.25,0.0,100.06666666666666,0.05773502691895929,0.5,0.0,3.618138888888889e-05,2.3784422585298332e-06,0.012052518888888898,1.2149820452870854e-05
248.0,86.0,1.7320508075688772,11391.25,0.0,100.0,0.0,0.5,0.0,3.711851851851852e-05,2.0593770096064198e-06,0.01209542398148149,1.932617424588728e-05
249.0,82.5,0.8660254037844386,11391.25,0.0,100.25,0.3905124837953351,0.5,0.0,3.5463981481481485e-05,1.6050060173854864e-06,0.012142266203703712,1.067174266188886e-05
250.0,85.5,2.5,11391.25,0.0,100.23333333333333,0.40414518843273967,0.5833333333333334,0.14433756729740643,3.499726851851852e-05,1.4841525667216911e-06,0.012196589537037046,1.0942123856251343e-05
251.0,79.33333333333333,0.5773502691896257,11391.25,0.0,99.56666666666666,0.7571877794400341,0.5,0.0,3.6039814814814814e-05,2.461633571540449e-06,0.012238384907407416,1.886460715498869e-05
252.0,85.33333333333333,2.516611478423583,11391.25,0.0,100.51666666666667,0.7653975002136747,0.5333333333333333,0.05773502691896257,3.623277777777778e-05,1.6918956638930178e-06,0.012286769722222231,1.1092569476396608e-05
253.0,82.16666666666667,2.565800719723442,11391.25,0.0,100.16666666666667,0.9609023536933078,0.5,0.0,3.787782407407407e-05,1.3738895651740859e-06,0.01234166662037038,1.0158296668738241e-05
254.0,85.33333333333333,2.8867513459481287,11391.25,0.0,99.63333333333334,0.814452781524707,0.5,0.0,3.4401296296296294e-05,4.7399807695257033e-07,0.012382566018518528,1.8746572932344643e-05
255.0,83.0,2.179449471770337,11391.25,0.0,100.31666666666666,0.41932485418031307,0.5333333333333333,0.028867513459481315,3.663050925925926e-05,2.0474437979995948e-07,0.012437277777777787,1.8656231118543275e-05
256.0,81.0,1.7320508075688772,11391.25,0.0,100.0,0.0,0.5,0.0,3.4052777777777776e-05,5.458420977526461e-07,0.012489879814814824,1.8636184149945112e-05
257.0,83.83333333333333,1.4433756729740645,11391.25,0.0,100.0,0.0,0.5,0.0,3.8012361111111114e-05,1.698553993088907e-06,0.012534266342592602,2.0696087553305083e-05
258.0,82.16666666666667,1.8929694486000912,11391.25,0.0,99.78333333333335,0.3403429642777045,0.5,0.0,3.616574074074074e-05,2.46125769383102e-06,0.012587655694444453,2.1710592041000016e-05
259.0,87.66666666666667,0.5773502691896257,11391.25,0.0,101.0,0.6928203230275526,0.5,0.0,3.705074074074074e-05,2.09666796085261e-06,0.01263628898148149,1.8620249185561e-05
260.0,81.83333333333333,1.0408329997330665,11391.25,0.0,99.56666666666668,0.7522189397597866,0.5,0.0,3.55312962962963e-05,1.5469703648327554e-06,0.012683212175925935,1.0279785179648278e-05
261.0,84.16666666666667,2.565800719723442,11391.25,0.0,100.03333333333333,0.05773502691895929,0.5,0.0,3.5115e-05,1.5778327210699554e-06,0.01273772287037038,1.0707806660677417e-05
262.0,80.0,2.6457513110645907,11391.25,0.0,100.1,0.0,0.5,0.0,3.6175092592592595e-05,2.4183091693749848e-06,0.012779675555555566,1.8734275544296768e-05
263.0,84.0,0.8660254037844386,11391.25,0.0,100.03333333333333,0.02886751345948375,0.5,0.0,3.6318194444444446e-05,1.7917398725354419e-06,0.0128281588888889,1.1134912054183978e-05
264.0,84.5,3.0413812651491097,11391.25,0.0,100.26666666666667,1.4011899704655812,0.5,0.0,3.786671296296296e-05,1.3219633874612652e-06,0.012883061157407416,1.0309162834836048e-05
265.0,86.33333333333333,2.8867513459481287,11391.25,0.0,99.56666666666666,0.7505553499465119,0.5333333333333333,0.05773502691896257,3.440037037037037e-05,6.409949787301025e-07,0.01292395361111112,1.8807272790047375e-05
266.0,82.0,2.598076211353316,11391.25,0.0,100.26666666666667,0.37859388972001295,0.5166666666666667,0.028867513459481315,3.599787037037037e-05,1.1530863152476992e-06,0.012972232824074083,1.076540760821091e-05
267.0,82.16666666666667,3.253203549323856,11391.25,0.0,100.03333333333333,1.350308606701941,0.5,0.0,3.475949074074074e-05,1.170226021593788e-06,0.013025530046296306,1.1267427573277571e-05
268.0,81.66666666666667,2.8867513459481287,11391.25,0.0,100.4,0.8660254037844386,0.5,0.0,3.872444444444445e-05,3.872346761906069e-07,0.013069869814814823,1.8802143310835476e-05
269.0,84.0,2.598076211353316,11391.25,0.0,100.08333333333333,0.02886751345947144,0.5,0.0,3.523662037037037e-05,9.07233282376846e-07,0.013116495370370379,1.1214900743861127e-05
270.0,85.0,3.0,11391.25,0.0,99.15,0.7794228634059998,0.5333333333333333,0.05773502691896257,3.6561064814814815e-05,1.8056085693784113e-06,0.013171127777777786,1.0262423256504192e-05
271.0,80.66666666666667,1.5275252316519468,11391.25,0.0,100.5,1.558845726811991,0.5,0.0,3.400462962962963e-05,5.980595121232935e-07,0.013211540648148157,1.883807158179088e-05
272.0,84.66666666666667,1.4433756729740645,11391.25,0.0,100.25,1.0476163419878537,0.5,0.0,3.726101851851852e-05,1.5228463993855056e-06,0.013261656759259268,1.0845280293993563e-05
273.0,80.5,2.7838821814150108,11391.25,0.0,100.21666666666667,0.9305016568138617,0.5,0.0,3.616356481481481e-05,2.4350172316571132e-06,0.013315044398148158,1.1793951328150405e-05
274.0,86.16666666666667,3.1754264805429413,11391.25,0.0,100.53333333333333,0.7505553499465201,0.5,0.0,3.7069212962962966e-05,2.0992561988047487e-06,0.013363668472222232,2.0931487611499924e-05
275.0,82.5,2.179449471770337,11391.25,0.0,99.96666666666667,0.028867513459479646,0.5166666666666667,0.028867513459481315,3.703337962962963e-05,1.1585042700722846e-06,0.01341772486111112,2.1669247163371562e-05
276.0,85.33333333333333,2.8867513459481287,11391.25,0.0,100.13333333333333,0.0577350269189675,0.5,0.0,3.436555555555555e-05,5.189218256260884e-07,0.013465089166666677,1.9135156685362993e-05
277.0,82.0,3.278719262151,11391.25,0.0,100.05,0.04999999999999716,0.5,0.0,3.602347222222222e-05,1.1795614850731183e-06,0.013513396574074084,1.0920504606428876e-05
278.0,81.5,2.29128784747792,11391.25,0.0,100.03333333333333,0.05773502691895929,0.5,0.0,3.4828148148148154e-05,1.1699438869277768e-06,0.013566797129629639,1.1455556260551372e-05
279.0,84.66666666666667,2.8867513459481287,11391.25,0.0,100.0,0.0,0.5,0.0,3.8768703703703706e-05,4.029896313853705e-07,0.01361119611111112,1.9016880259372726e-05
280.0,84.16666666666667,3.4034296427770228,11391.25,0.0,100.0,0.05000000000000426,0.5,0.0,3.527296296296296e-05,8.963856429775156e-07,0.013657866574074083,1.1267672523801397e-05
281.0,86.16666666666667,2.362907813126304,11391.25,0.0,100.08333333333333,0.028867513459479646,0.5166666666666667,0.028867513459481315,3.6463101851851856e-05,1.8105719435037314e-06,0.013712400925925934,1.0224943275873991e-05
282.0,81.33333333333333,2.0816659994661326,11391.25,0.0,100.03333333333333,0.05773502691895929,0.5,0.0,3.4029444444444445e-05,5.6923790292237e-07,0.013752803796296304,1.8973684213094774e-05
283.0,82.33333333333333,2.0207259421636903,11391.25,0.0,100.43333333333334,0.4618802153516949,0.5,0.0,3.7275185185185184e-05,1.5156147739462377e-06,0.013802967037037046,1.0925354283046854e-05
284.0,81.33333333333333,2.8867513459481287,11391.25,0.0,99.2,0.781024967590662,0.5,0.0,3.6129212962962964e-05,2.4556311825856154e-06,0.013856280370370379,1.184598128948686e-05
285.0,86.0,1.7320508075688772,11391.25,0.0,100.5,0.7810249675906702,0.5,0.0,3.709324074074074e-05,2.0719109524436504e-06,0.013899157129629637,1.903166855868184e-05
286.0,82.5,0.8660254037844386,11391.25,0.0,100.0,0.05000000000000426,0.5,0.0,3.549416666666667e-05,1.5276261982885508e-06,0.013946039814814824,1.0413713619687126e-05
287.0,85.5,2.5,11391.25,0.0,99.83333333333333,0.9609023536933078,0.5166666666666667,0.028867513459481315,3.5102175925925924e-05,1.5728514539665993e-06,0.01400048736111112,1.0897051002172394e-05
288.0,78.66666666666667,0.5773502691896257,11391.25,0.0,100.0,1.2999999999999972,0.5,0.0,3.61462962962963e-05,2.465501121860016e-06,0.014042430648148157,1.8999849829515724e-05
289.0,85.33333333333333,2.516611478423583,11391.25,0.0,100.03333333333333,0.6506407098647699,0.5,0.0,3.624717592592593e-05,1.7963716341828372e-06,0.014090843333333342,1.1293751310059959e-05
290.0,82.0,2.6457513110645907,11391.25,0.0,100.01666666666667,1.4002975874196704,0.5,0.0,3.784398148148148e-05,1.2338905564716017e-06,0.014145668379629639,1.0585216965950466e-05
291.0,85.66666666666667,3.214550253664318,11391.25,0.0,100.5,0.8660254037844386,0.5,0.0,3.434722222222222e-05,5.000854865192141e-07,0.014186529907407416,1.9482158022110067e-05
292.0,83.16666666666667,2.0207259421636903,11391.25,0.0,100.25,0.4330127018922193,0.5,0.0,3.6547314814814816e-05,3.191611163008978e-07,0.014241111620370379,1.9548758676337147e-05
293.0,80.66666666666667,1.5275252316519468,11391.25,0.0,99.63333333333333,0.8082903768654711,0.5,0.0,3.4046111111111115e-05,5.257398519946056e-07,0.014293670648148156,1.972096038673111e-05
294.0,83.83333333333333,1.4433756729740645,11391.25,0.0,100.48333333333333,0.7942501704962571,0.5,0.0,3.805175925925926e-05,1.7577306394976486e-06,0.014338104953703712,2.1689517500676736e-05
295.0,82.0,2.598076211353316,11391.25,0.0,99.55,0.30413812651491473,0.5166666666666667,0.028867513459481315,3.617365740740741e-05,2.4249620651120527e-06,0.01439149435185186,2.2631100057688264e-05
296.0,87.66666666666667,0.5773502691896257,11391.25,0.0,100.96666666666667,0.7505553499465201,0.5333333333333333,0.05773502691896257,3.7079444444444445e-05,2.0587577909932275e-06,0.014440165370370378,1.9701366863129837e-05
297.0,82.0,1.0,11391.25,0.0,99.08333333333333,0.41932485418030857,0.5,0.0,3.552523148148148e-05,1.5198827593301587e-06,0.014487078287037046,1.1219304703892284e-05
298.0,84.16666666666667,2.565800719723442,11391.25,0.0,101.16666666666667,0.4041451884327479,0.5,0.0,3.507018518518518e-05,1.5811470610941246e-06,0.014541524675925935,1.1708268793753801e-05
299.0,80.0,2.6457513110645907,11391.25,0.0,100.06666666666666,0.05773502691895929,0.5,0.0,3.616814814814815e-05,2.448341233210495e-06,0.014583467314814825,1.9768070211107322e-05
300.0,86.5,2.1213203435596424,11391.25,0.0,99.4,0.9899494936611605,0.5,0.0,3.6633194444444446e-05,2.5838860295858397e-06,0.01461056750000001,1.2787633300653255e-05
